ScrapeTimestamp,IndexCode,SYMBOL,NAME,LDCP,CURRENT,CHANGE,CHANGE (%),IDX WTG (%),IDX POINT,VOLUME,FREEFLOAT (M),MARKET CAP (M)
2026-09-29 10:32:39,KSE100,CNERGY,Cnergyico PK Limited,13.32,13.08,-0.24,-1.80%,0.38%,-11.63,"56,285,129","1,373","17,964"
2026-09-29 10:32:39,KSE100,KEL,K-Electric Limited,6.06,6.10,0.04,0.66%,0.35%,3.90,"34,640,017","2,762","16,845"
2026-09-29 10:32:39,KSE100,LOTCHEM,Lotte Chemical Pakistan Limited,25.93,27.49,1.56,6.02%,0.22%,20.85,"13,590,161",379,"10,406"
2026-09-29 10:32:39,KSE100,TRG,TRG Pakistan Limited,57.72,57.80,0.08,0.14%,0.43%,1.00,"11,771,319",355,"20,490"
2026-09-29 10:32:39,KSE100,PIBTL,Pakistan International Bulk Terminal,14.94,14.57,-0.37,-2.48%,0.25%,-10.50,"7,162,882",804,"11,711"
2026-09-29 10:32:39,KSE100,BOP,The Bank of Punjab,30.52,30.38,-0.14,-0.46%,0.88%,-6.83,"5,517,941","1,382","41,989"
2026-09-29 10:32:39,KSE100,MLCF,Maple Leaf Cement Factory Limited,93.54,92.75,-0.79,-0.84%,0.92%,-13.15,"4,825,945",471,"43,723"
2026-09-29 10:32:39,KSE100,SEARL,The Searle Company Limited,81.16,80.12,-1.04,-1.28%,0.49%,-10.80,"3,760,185",294,"23,564"
2026-09-29 10:32:39,KSE100,AHCL,Arif Habib Corporation Limited,15.84,16.06,0.22,1.39%,0.21%,4.91,"3,310,294",633,"10,159"
2026-09-29 10:32:39,KSE100,TPLRF1,TPL REIT Fund I,9.24,9.20,-0.04,-0.43%,0.27%,-1.94,"2,851,945","1,376","12,661"
2026-09-29 10:32:39,KSE100,PPL,Pakistan Petroleum Limited,231.01,227.48,-3.53,-1.53%,3.19%,-83.42,"2,741,323",670,"152,300"
2026-09-29 10:32:39,KSE100,NBP,National Bank of Pakistan,165.19,164.85,-0.34,-0.21%,1.76%,-6.12,"2,585,211",510,"84,095"
2026-09-29 10:32:39,KSE100,AIRLINK,Air Link Communication Limited,127.90,124.06,-3.84,-3.00%,0.31%,-16.07,"2,462,529",119,"14,711"
2026-09-29 10:32:39,KSE100,SSGC,Sui Southern Gas Company Limited,24.12,23.81,-0.31,-1.28%,0.17%,-3.69,"2,343,349",337,"8,021"
2026-09-29 10:32:39,KSE100,POWER,Power Cement Limited,22.09,22.27,0.18,0.82%,0.21%,2.87,"2,076,049",452,"10,068"
2026-09-29 10:32:39,KSE100,NPL,Nishat Power Limited,62.45,61.18,-1.27,-2.03%,0.22%,-7.76,"1,830,510",173,"10,589"
2026-09-29 10:32:39,KSE100,FCCLXD,Fauji Cement Company Limited,53.01,52.33,-0.68,-1.28%,0.94%,-20.61,"1,728,984",858,"44,925"
2026-09-29 10:32:39,KSE100,HBL,Habib Bank Limited,304.21,301.60,-2.61,-0.86%,3.71%,-54.06,"1,609,683",587,"176,961"
2026-09-29 10:32:39,KSE100,PAEL,Pak Elektron Limited,35.74,35.50,-0.24,-0.67%,0.38%,-4.30,"1,466,520",508,"18,034"
2026-09-29 10:32:39,KSE100,DGKC,D.G. Khan Cement Company Limited,192.09,192.50,0.41,0.21%,0.88%,3.17,"1,338,840",219,"42,169"
2026-09-29 10:32:39,KSE100,HUBC,The Hub Power Company Limited,202.86,202.12,-0.74,-0.36%,4.12%,-25.41,"1,302,710",973,"196,636"
2026-09-29 10:32:39,KSE100,SNGP,Sui Northern Gas Pipelines Limited,92.81,92.00,-0.81,-0.87%,0.49%,-7.25,"1,237,887",254,"23,339"
2026-09-29 10:32:39,KSE100,PSO,Pakistan State Oil Company Limited,355.24,351.50,-3.74,-1.05%,1.73%,-30.99,"1,233,363",235,"82,510"
2026-09-29 10:32:39,KSE100,OGDC,Oil & Gas Development Company Limited,318.69,317.79,-0.90,-0.28%,4.30%,-20.50,"1,215,923",645,"205,019"
2026-09-29 10:32:39,KSE100,AKBL,Askari Bank Limited,107.22,106.00,-1.22,-1.14%,0.97%,-18.72,"804,574",435,"46,088"
2026-09-29 10:32:39,KSE100,SYS,Systems Limited,119.16,118.00,-1.16,-0.97%,2.37%,-39.22,"760,224",958,"113,010"
2026-09-29 10:32:39,KSE100,FFL,Fauji Foods Limited,14.86,14.80,-0.06,-0.40%,0.16%,-1.07,"632,083",504,"7,459"
2026-09-29 10:32:39,KSE100,FATIMA,Fatima Fertilizer Company Limited,143.35,142.90,-0.45,-0.31%,0.94%,-5.00,"613,428",315,"45,014"
2026-09-29 10:32:39,KSE100,KOHC,Kohat Cement Company Limited,89.93,88.06,-1.87,-2.08%,0.42%,-15.17,"603,871",230,"20,239"
2026-09-29 10:32:39,KSE100,HUMNL,Hum Network Limited,10.15,10.20,0.05,0.49%,0.08%,0.70,"594,177",397,"4,048"
2026-09-29 10:32:39,KSE100,GAL,Ghandhara Automobiles Limited,537.23,543.50,6.27,1.17%,0.26%,5.05,"518,960",23,"12,392"
2026-09-29 10:32:39,KSE100,ATRL,Attock Refinery Limited,"1,177.12","1,180.00",2.88,0.25%,1.06%,4.34,"513,741",43,"50,323"
2026-09-29 10:32:39,KSE100,NML,Nishat Mills Limited,133.09,131.49,-1.60,-1.20%,0.44%,-8.94,"511,828",158,"20,804"
2026-09-29 10:32:39,KSE100,MCB,MCB Bank Limited,390.01,389.00,-1.01,-0.26%,3.38%,-14.79,"505,688",415,"161,346"
2026-09-29 10:32:39,KSE100,ENGROH,Engro Holdings Limited,263.49,262.50,-0.99,-0.38%,4.97%,-31.56,"439,748",903,"237,083"
2026-09-29 10:32:39,KSE100,MEBL,Meezan Bank Limited,549.23,551.35,2.12,0.39%,5.20%,33.69,"431,821",450,"248,184"
2026-09-29 10:32:39,KSE100,LUCKXD,Lucky Cement Limited,412.57,411.50,-1.07,-0.26%,3.79%,-16.60,"420,709",440,"180,854"
2026-09-29 10:32:39,KSE100,PSXXD,Pakistan Stock Exchange Limited,45.95,45.98,0.03,0.07%,0.46%,0.51,"403,522",481,"22,111"
2026-09-29 10:32:39,KSE100,PTC,Pakistan Telecommunication Company Ltd,61.26,60.60,-0.66,-1.08%,0.75%,-13.82,"399,714",593,"35,956"
2026-09-29 10:32:39,KSE100,FFC,Fauji Fertilizer Company Limited,542.51,539.95,-2.56,-0.47%,8.96%,-71.52,"374,103",791,"427,350"
2026-09-29 10:32:39,KSE100,BAFL,Bank Alfalah Limited,56.93,56.41,-0.52,-0.91%,1.68%,-26.05,"371,675","1,419","80,071"
2026-09-29 10:32:39,KSE100,MARI,Mari Energies Limited,635.09,629.96,-5.13,-0.81%,3.17%,-43.48,"335,783",240,"151,269"
2026-09-29 10:32:39,KSE100,BAHL,Bank AL Habib Limited,151.50,151.98,0.48,0.32%,2.66%,14.12,"311,721",834,"126,686"
2026-09-29 10:32:39,KSE100,DCR,Dolmen City REIT,39.19,39.00,-0.19,-0.48%,0.45%,-3.73,"310,662",556,"21,681"
2026-09-29 10:32:39,KSE100,UBL,United Bank Limited,424.18,420.50,-3.68,-0.87%,7.73%,-113.86,"269,499",876,"368,563"
2026-09-29 10:32:39,KSE100,POL,Pakistan Oilfields Limited,752.44,750.99,-1.45,-0.19%,2.05%,-6.65,"267,964",130,"97,616"
2026-09-29 10:32:39,KSE100,EFERT,Engro Fertilizers Limited,193.96,192.75,-1.21,-0.62%,2.43%,-25.66,"262,542",601,"115,821"
2026-09-29 10:32:39,KSE100,SRVI,Service Industries Limited,179.30,178.10,-1.20,-0.67%,0.88%,-9.95,"241,217",235,"41,842"
2026-09-29 10:32:39,KSE100,JVDCXD,Javedan Corporation Limited,138.34,137.90,-0.44,-0.32%,0.55%,-2.96,"208,775",190,"26,260"
2026-09-29 10:32:39,KSE100,ILP,Interloop Limited,97.63,98.00,0.37,0.38%,0.58%,3.66,"207,501",280,"27,474"
2026-09-29 10:32:39,KSE100,KAPCO,Kot Addu Power Company Limited,26.62,26.68,0.06,0.22%,0.26%,0.97,"199,289",457,"12,183"
2026-09-29 10:32:39,KSE100,GHNI,Ghandhara Industries Limited,"1,074.75","1,061.50",-13.25,-1.23%,0.33%,-6.97,"144,973",15,"15,830"
2026-09-29 10:32:39,KSE100,HCAR,Honda Atlas Cars (Pakistan) Limited,218.18,217.35,-0.83,-0.38%,0.13%,-0.84,"135,017",29,"6,208"
2026-09-29 10:32:39,KSE100,FHAM,First Habib Modaraba,31.00,31.40,0.40,1.29%,0.06%,1.33,"131,242",94,"2,958"
2026-09-29 10:32:39,KSE100,KTML,Kohinoor Textile Mills Limited,41.31,41.00,-0.31,-0.75%,0.23%,-2.95,"130,797",269,"11,041"
2026-09-29 10:32:39,KSE100,YOUW,Yousaf Weaving Mills Limited,4.87,4.95,0.08,1.64%,0.01%,0.24,"110,355",86,427
2026-09-29 10:32:39,KSE100,AICL,Adamjee Insurance Company Limited,96.33,95.51,-0.82,-0.85%,0.42%,-6.08,"108,920",210,"20,057"
2026-09-29 10:32:39,KSE100,MTL,Millat Tractors Limited,299.07,297.65,-1.42,-0.47%,1.12%,-9.00,"104,040",180,"53,447"
2026-09-29 10:32:39,KSE100,CPHL,Citi Pharma Ltd.,73.82,73.07,-0.75,-1.02%,0.17%,-3.02,"98,960",114,"8,347"
2026-09-29 10:32:39,KSE100,SSOM,S.S.Oil Mills Limited,446.88,491.57,44.69,10.00%,0.01%,2.20,"89,854",1,687
2026-09-29 10:32:39,KSE100,FABL,Faysal Bank Limited,93.94,93.72,-0.22,-0.23%,1.04%,-4.13,"86,420",531,"49,783"
2026-09-29 10:32:39,KSE100,GHGL,Ghani Glass Limited,39.80,39.80,0.00,0.00%,0.29%,0.00,"68,856",350,"13,926"
2026-09-29 10:32:39,KSE100,ISLXD,International Steels Limited,80.49,80.70,0.21,0.26%,0.26%,1.13,"63,900",152,"12,287"
2026-09-29 10:32:39,KSE100,TGL,Tariq Glass Industries Limited,157.76,157.40,-0.36,-0.23%,0.23%,-0.88,"61,167",69,"10,840"
2026-09-29 10:32:39,KSE100,PKGS,Packages Limited,714.41,702.20,-12.21,-1.71%,0.26%,-7.70,"60,566",18,"12,552"
2026-09-29 10:32:39,KSE100,HMB,Habib Metropolitan Bank Limited,97.59,97.50,-0.09,-0.09%,0.96%,-1.50,"56,475",472,"45,974"
2026-09-29 10:32:39,KSE100,GADTXD,Gadoon Textile Mills Limited,296.50,306.90,10.40,3.51%,0.05%,3.09,"52,600",8,"2,581"
2026-09-29 10:32:39,KSE100,SAZEWXD,Sazgar Engineering Works Limited,"1,724.89","1,708.00",-16.89,-0.98%,0.76%,-12.61,"49,146",21,"36,135"
2026-09-29 10:32:39,KSE100,SCBPL,Standard Chartered Bank (Pak) Ltd,59.91,59.87,-0.04,-0.07%,0.24%,-0.27,"40,771",194,"11,590"
2026-09-29 10:32:39,KSE100,GLAXO,GlaxoSmithKline Pakistan Limited,316.42,314.58,-1.84,-0.58%,0.42%,-4.14,"39,731",64,"20,037"
2026-09-29 10:32:39,KSE100,HALEON,Haleon Pakistan Limited,680.74,687.72,6.98,1.03%,0.23%,3.88,"38,045",16,"10,822"
2026-09-29 10:32:39,KSE100,NATF,National Foods Limited,345.94,344.50,-1.44,-0.42%,0.42%,-2.96,"36,572",58,"20,077"
2026-09-29 10:32:39,KSE100,AGP,AGP Limited,157.87,157.00,-0.87,-0.55%,0.28%,-2.58,"33,177",84,"13,188"
2026-09-29 10:32:39,KSE100,THALL,Thal Limited,512.31,512.96,0.65,0.13%,0.35%,0.74,"30,522",32,"16,626"
2026-09-29 10:32:39,KSE100,APL,Attock Petroleum Limited,578.43,577.00,-1.43,-0.25%,0.38%,-1.57,"27,594",31,"17,947"
2026-09-29 10:32:39,KSE100,PIOC,Pioneer Cement Limited,243.14,243.04,-0.10,-0.04%,0.17%,-0.12,"25,846",34,"8,281"
2026-09-29 10:32:39,KSE100,LCIXD,Lucky Core Industries Limited,208.69,206.85,-1.84,-0.88%,0.40%,-6.00,"24,490",92,"19,104"
2026-09-29 10:32:39,KSE100,MEHT,Mehmood Textile Mills Limited,138.98,138.00,-0.98,-0.70%,0.06%,-0.67,"23,376",20,"2,691"
2026-09-29 10:32:39,KSE100,HGFA,HBL Growth Fund,13.85,13.84,-0.01,-0.07%,0.08%,-0.09,"20,407",265,"3,672"
2026-09-29 10:32:39,KSE100,INILXD,International Industries Limited,164.03,162.70,-1.33,-0.81%,0.20%,-2.79,"20,150",59,"9,656"
2026-09-29 10:32:39,KSE100,CHCC,Cherat Cement Company Limited,278.74,277.69,-1.05,-0.38%,0.68%,-4.32,"18,179",117,"32,372"
2026-09-29 10:32:39,KSE100,ABL,Allied Bank Limited,170.01,169.99,-0.02,-0.01%,0.41%,-0.08,"13,813",115,"19,465"
2026-09-29 10:32:39,KSE100,INDUXD,Indus Motor Company Limited,"1,802.93","1,800.00",-2.93,-0.16%,0.53%,-1.45,"10,137",14,"25,183"
2026-09-29 10:32:39,KSE100,SHFA,Shifa International Hospitals Limited,449.64,440.00,-9.64,-2.14%,0.26%,-9.68,"7,865",28,"12,516"
2026-09-29 10:32:39,KSE100,BNWM,Bannu Woollen Mills Limited,62.92,61.57,-1.35,-2.15%,0.01%,-0.23,"6,976",5,293
2026-09-29 10:32:39,KSE100,BWCL,Bestway Cement Limited,446.31,446.97,0.66,0.15%,0.56%,1.39,"6,553",60,"26,651"
2026-09-29 10:32:39,KSE100,PGLC,Pak-Gulf Leasing Company Limited,16.90,16.25,-0.65,-3.85%,0.00%,-0.23,"6,526",10,161
2026-09-29 10:32:39,KSE100,HINOON,Highnoon Laboratories Limited,948.13,943.50,-4.63,-0.49%,0.42%,-3.46,"5,900",21,"19,996"
2026-09-29 10:32:39,KSE100,PABC,Pakistan Aluminium Beverage Cans Limited,96.00,93.94,-2.06,-2.15%,0.11%,-3.94,"4,730",54,"5,088"
2026-09-29 10:32:39,KSE100,COLGXD,Colgate-Palmolive (Pakistan) Limited,"1,118.15","1,119.95",1.80,0.16%,0.57%,1.54,"2,248",24,"27,189"
2026-09-29 10:32:39,KSE100,ABOT,Abbott Laboratories (Pakistan) Limited,927.73,923.49,-4.24,-0.46%,0.41%,-3.17,"1,466",21,"19,552"
2026-09-29 10:32:39,KSE100,ATLH,Atlas Honda Limited,"1,572.11","1,569.98",-2.13,-0.13%,0.41%,-0.93,791,12,"19,482"
2026-09-29 10:32:39,KSE100,NESTLE,Nestle Pakistan Limited,"7,361.00","7,358.00",-3.00,-0.04%,0.70%,-0.48,743,5,"33,368"
2026-09-29 10:32:39,KSE100,PAKT,Pakistan Tobacco Company Limited,"1,390.00","1,395.00",5.00,0.36%,0.37%,2.23,703,13,"17,604"
2026-09-29 10:32:39,KSE100,MUREB,Murree Brewery Company Limited,935.61,935.00,-0.61,-0.06%,0.22%,-0.24,656,11,"10,346"
2026-09-29 10:32:39,KSE100,PSEL,Pakistan Services Limited,"1,145.04","1,110.02",-35.02,-3.06%,0.72%,-38.10,376,31,"34,211"
2026-09-29 10:32:39,KSE100,IBFL,Ibrahim Fibres Limited,251.57,251.00,-0.57,-0.23%,0.08%,-0.31,173,16,"3,897"
2026-09-29 10:32:39,KSE100,JDWS,JDW Sugar Mills Limited,877.57,880.00,2.43,0.28%,0.16%,0.74,126,9,"7,627"
2026-09-29 10:32:39,KSE100,UPFL,Unilever Pakistan Foods Limited,"25,185.50","25,335.00",149.50,0.59%,0.28%,2.75,63,1,"13,205"
2026-09-29 10:32:39,KSE100,RMPL,Rafhan Maize Products Company Limited,"8,835.00","8,899.90",64.90,0.74%,0.09%,1.06,22,0,"4,110"
2026-09-29 10:32:39,KSE100PR,CNERGY,Cnergyico PK Limited,13.32,13.08,-0.24,-1.80%,0.38%,-3.75,"56,285,129","1,373","17,964"
2026-09-29 10:32:39,KSE100PR,KEL,K-Electric Limited,6.06,6.10,0.04,0.66%,0.35%,1.26,"34,640,017","2,762","16,845"
2026-09-29 10:32:39,KSE100PR,LOTCHEM,Lotte Chemical Pakistan Limited,25.93,27.49,1.56,6.02%,0.22%,6.72,"13,590,161",379,"10,406"
2026-09-29 10:32:39,KSE100PR,TRG,TRG Pakistan Limited,57.72,57.80,0.08,0.14%,0.43%,0.32,"11,771,319",355,"20,490"
2026-09-29 10:32:39,KSE100PR,PIBTL,Pakistan International Bulk Terminal,14.94,14.57,-0.37,-2.48%,0.25%,-3.38,"7,162,882",804,"11,711"
2026-09-29 10:32:39,KSE100PR,BOP,The Bank of Punjab,30.52,30.38,-0.14,-0.46%,0.88%,-2.20,"5,517,941","1,382","41,989"
2026-09-29 10:32:39,KSE100PR,MLCF,Maple Leaf Cement Factory Limited,93.54,92.75,-0.79,-0.84%,0.92%,-4.24,"4,825,945",471,"43,723"
2026-09-29 10:32:39,KSE100PR,SEARL,The Searle Company Limited,81.16,80.12,-1.04,-1.28%,0.49%,-3.48,"3,760,185",294,"23,564"
2026-09-29 10:32:39,KSE100PR,AHCL,Arif Habib Corporation Limited,15.84,16.06,0.22,1.39%,0.21%,1.58,"3,310,294",633,"10,159"
2026-09-29 10:32:39,KSE100PR,TPLRF1,TPL REIT Fund I,9.24,9.20,-0.04,-0.43%,0.27%,-0.63,"2,851,945","1,376","12,661"
2026-09-29 10:32:39,KSE100PR,PPL,Pakistan Petroleum Limited,231.01,227.48,-3.53,-1.53%,3.19%,-26.90,"2,741,323",670,"152,300"
2026-09-29 10:32:39,KSE100PR,NBP,National Bank of Pakistan,165.19,164.85,-0.34,-0.21%,1.76%,-1.97,"2,585,211",510,"84,095"
2026-09-29 10:32:39,KSE100PR,AIRLINK,Air Link Communication Limited,127.90,124.06,-3.84,-3.00%,0.31%,-5.18,"2,462,529",119,"14,711"
2026-09-29 10:32:39,KSE100PR,SSGC,Sui Southern Gas Company Limited,24.12,23.81,-0.31,-1.28%,0.17%,-1.19,"2,343,349",337,"8,021"
2026-09-29 10:32:39,KSE100PR,POWER,Power Cement Limited,22.09,22.27,0.18,0.82%,0.21%,0.93,"2,076,049",452,"10,068"
2026-09-29 10:32:39,KSE100PR,NPL,Nishat Power Limited,62.45,61.18,-1.27,-2.03%,0.22%,-2.50,"1,830,510",173,"10,589"
2026-09-29 10:32:39,KSE100PR,FCCLXD,Fauji Cement Company Limited,53.01,52.33,-0.68,-1.28%,0.94%,-6.64,"1,728,984",858,"44,925"
2026-09-29 10:32:39,KSE100PR,HBL,Habib Bank Limited,304.21,301.60,-2.61,-0.86%,3.71%,-17.43,"1,609,683",587,"176,961"
2026-09-29 10:32:39,KSE100PR,PAEL,Pak Elektron Limited,35.74,35.50,-0.24,-0.67%,0.38%,-1.39,"1,466,520",508,"18,034"
2026-09-29 10:32:39,KSE100PR,DGKC,D.G. Khan Cement Company Limited,192.09,192.50,0.41,0.21%,0.88%,1.02,"1,338,840",219,"42,169"
2026-09-29 10:32:39,KSE100PR,HUBC,The Hub Power Company Limited,202.86,202.12,-0.74,-0.36%,4.12%,-8.19,"1,302,710",973,"196,636"
2026-09-29 10:32:39,KSE100PR,SNGP,Sui Northern Gas Pipelines Limited,92.81,92.00,-0.81,-0.87%,0.49%,-2.34,"1,237,887",254,"23,339"
2026-09-29 10:32:39,KSE100PR,PSO,Pakistan State Oil Company Limited,355.24,351.50,-3.74,-1.05%,1.73%,-9.99,"1,233,363",235,"82,510"
2026-09-29 10:32:39,KSE100PR,OGDC,Oil & Gas Development Company Limited,318.69,317.79,-0.90,-0.28%,4.30%,-6.61,"1,215,923",645,"205,019"
2026-09-29 10:32:39,KSE100PR,AKBL,Askari Bank Limited,107.22,106.00,-1.22,-1.14%,0.97%,-6.04,"804,574",435,"46,088"
2026-09-29 10:32:39,KSE100PR,SYS,Systems Limited,119.16,118.00,-1.16,-0.97%,2.37%,-12.64,"760,224",958,"113,010"
2026-09-29 10:32:39,KSE100PR,FFL,Fauji Foods Limited,14.86,14.80,-0.06,-0.40%,0.16%,-0.34,"632,083",504,"7,459"
2026-09-29 10:32:39,KSE100PR,FATIMA,Fatima Fertilizer Company Limited,143.35,142.90,-0.45,-0.31%,0.94%,-1.61,"613,428",315,"45,014"
2026-09-29 10:32:39,KSE100PR,KOHC,Kohat Cement Company Limited,89.93,88.06,-1.87,-2.08%,0.42%,-4.89,"603,871",230,"20,239"
2026-09-29 10:32:39,KSE100PR,HUMNL,Hum Network Limited,10.15,10.20,0.05,0.49%,0.08%,0.23,"594,177",397,"4,048"
2026-09-29 10:32:39,KSE100PR,GAL,Ghandhara Automobiles Limited,537.23,543.50,6.27,1.17%,0.26%,1.63,"518,960",23,"12,392"
2026-09-29 10:32:39,KSE100PR,ATRL,Attock Refinery Limited,"1,177.12","1,180.00",2.88,0.25%,1.06%,1.40,"513,741",43,"50,323"
2026-09-29 10:32:39,KSE100PR,NML,Nishat Mills Limited,133.09,131.49,-1.60,-1.20%,0.44%,-2.88,"511,828",158,"20,804"
2026-09-29 10:32:39,KSE100PR,MCB,MCB Bank Limited,390.01,389.00,-1.01,-0.26%,3.38%,-4.77,"505,688",415,"161,346"
2026-09-29 10:32:39,KSE100PR,ENGROH,Engro Holdings Limited,263.49,262.50,-0.99,-0.38%,4.97%,-10.18,"439,748",903,"237,083"
2026-09-29 10:32:39,KSE100PR,MEBL,Meezan Bank Limited,549.23,551.35,2.12,0.39%,5.20%,10.86,"431,821",450,"248,184"
2026-09-29 10:32:39,KSE100PR,LUCKXD,Lucky Cement Limited,412.57,411.50,-1.07,-0.26%,3.79%,-5.35,"420,709",440,"180,854"
2026-09-29 10:32:39,KSE100PR,PSXXD,Pakistan Stock Exchange Limited,45.95,45.98,0.03,0.07%,0.46%,0.16,"403,522",481,"22,111"
2026-09-29 10:32:39,KSE100PR,PTC,Pakistan Telecommunication Company Ltd,61.26,60.60,-0.66,-1.08%,0.75%,-4.46,"399,714",593,"35,956"
2026-09-29 10:32:39,KSE100PR,FFC,Fauji Fertilizer Company Limited,542.51,539.95,-2.56,-0.47%,8.96%,-23.06,"374,103",791,"427,350"
2026-09-29 10:32:39,KSE100PR,BAFL,Bank Alfalah Limited,56.93,56.41,-0.52,-0.91%,1.68%,-8.40,"371,675","1,419","80,071"
2026-09-29 10:32:39,KSE100PR,MARI,Mari Energies Limited,635.09,629.96,-5.13,-0.81%,3.17%,-14.02,"335,783",240,"151,269"
2026-09-29 10:32:39,KSE100PR,BAHL,Bank AL Habib Limited,151.50,151.98,0.48,0.32%,2.66%,4.55,"311,721",834,"126,686"
2026-09-29 10:32:39,KSE100PR,DCR,Dolmen City REIT,39.19,39.00,-0.19,-0.48%,0.45%,-1.20,"310,662",556,"21,681"
2026-09-29 10:32:39,KSE100PR,UBL,United Bank Limited,424.18,420.50,-3.68,-0.87%,7.73%,-36.71,"269,499",876,"368,563"
2026-09-29 10:32:39,KSE100PR,POL,Pakistan Oilfields Limited,752.44,750.99,-1.45,-0.19%,2.05%,-2.14,"267,964",130,"97,616"
2026-09-29 10:32:39,KSE100PR,EFERT,Engro Fertilizers Limited,193.96,192.75,-1.21,-0.62%,2.43%,-8.27,"262,542",601,"115,821"
2026-09-29 10:32:39,KSE100PR,SRVI,Service Industries Limited,179.30,178.10,-1.20,-0.67%,0.88%,-3.21,"241,217",235,"41,842"
2026-09-29 10:32:39,KSE100PR,JVDCXD,Javedan Corporation Limited,138.34,137.90,-0.44,-0.32%,0.55%,-0.95,"208,775",190,"26,260"
2026-09-29 10:32:39,KSE100PR,ILP,Interloop Limited,97.63,98.00,0.37,0.38%,0.58%,1.18,"207,501",280,"27,474"
2026-09-29 10:32:39,KSE100PR,KAPCO,Kot Addu Power Company Limited,26.62,26.68,0.06,0.22%,0.26%,0.31,"199,289",457,"12,183"
2026-09-29 10:32:39,KSE100PR,GHNI,Ghandhara Industries Limited,"1,074.75","1,061.50",-13.25,-1.23%,0.33%,-2.25,"144,973",15,"15,830"
2026-09-29 10:32:39,KSE100PR,HCAR,Honda Atlas Cars (Pakistan) Limited,218.18,217.35,-0.83,-0.38%,0.13%,-0.27,"135,017",29,"6,208"
2026-09-29 10:32:39,KSE100PR,FHAM,First Habib Modaraba,31.00,31.40,0.40,1.29%,0.06%,0.43,"131,242",94,"2,958"
2026-09-29 10:32:39,KSE100PR,KTML,Kohinoor Textile Mills Limited,41.31,41.00,-0.31,-0.75%,0.23%,-0.95,"130,797",269,"11,041"
2026-09-29 10:32:39,KSE100PR,YOUW,Yousaf Weaving Mills Limited,4.87,4.95,0.08,1.64%,0.01%,0.08,"110,355",86,427
2026-09-29 10:32:39,KSE100PR,AICL,Adamjee Insurance Company Limited,96.33,95.51,-0.82,-0.85%,0.42%,-1.96,"108,920",210,"20,057"
2026-09-29 10:32:39,KSE100PR,MTL,Millat Tractors Limited,299.07,297.65,-1.42,-0.47%,1.12%,-2.90,"104,040",180,"53,447"
2026-09-29 10:32:39,KSE100PR,CPHL,Citi Pharma Ltd.,73.82,73.07,-0.75,-1.02%,0.17%,-0.98,"98,960",114,"8,347"
2026-09-29 10:32:39,KSE100PR,SSOM,S.S.Oil Mills Limited,446.88,491.57,44.69,10.00%,0.01%,0.71,"89,854",1,687
2026-09-29 10:32:39,KSE100PR,FABL,Faysal Bank Limited,93.94,93.72,-0.22,-0.23%,1.04%,-1.33,"86,420",531,"49,783"
2026-09-29 10:32:39,KSE100PR,GHGL,Ghani Glass Limited,39.80,39.80,0.00,0.00%,0.29%,0.00,"68,856",350,"13,926"
2026-09-29 10:32:39,KSE100PR,ISLXD,International Steels Limited,80.49,80.70,0.21,0.26%,0.26%,0.36,"63,900",152,"12,287"
2026-09-29 10:32:39,KSE100PR,TGL,Tariq Glass Industries Limited,157.76,157.40,-0.36,-0.23%,0.23%,-0.28,"61,167",69,"10,840"
2026-09-29 10:32:39,KSE100PR,PKGS,Packages Limited,714.41,702.20,-12.21,-1.71%,0.26%,-2.48,"60,566",18,"12,552"
2026-09-29 10:32:39,KSE100PR,HMB,Habib Metropolitan Bank Limited,97.59,97.50,-0.09,-0.09%,0.96%,-0.48,"56,475",472,"45,974"
2026-09-29 10:32:39,KSE100PR,GADTXD,Gadoon Textile Mills Limited,296.50,306.90,10.40,3.51%,0.05%,1.00,"52,600",8,"2,581"
2026-09-29 10:32:39,KSE100PR,SAZEWXD,Sazgar Engineering Works Limited,"1,724.89","1,708.00",-16.89,-0.98%,0.76%,-4.07,"49,146",21,"36,135"
2026-09-29 10:32:39,KSE100PR,SCBPL,Standard Chartered Bank (Pak) Ltd,59.91,59.87,-0.04,-0.07%,0.24%,-0.09,"40,771",194,"11,590"
2026-09-29 10:32:39,KSE100PR,GLAXO,GlaxoSmithKline Pakistan Limited,316.42,314.58,-1.84,-0.58%,0.42%,-1.33,"39,731",64,"20,037"
2026-09-29 10:32:39,KSE100PR,HALEON,Haleon Pakistan Limited,680.74,687.72,6.98,1.03%,0.23%,1.25,"38,045",16,"10,822"
2026-09-29 10:32:39,KSE100PR,NATF,National Foods Limited,345.94,344.50,-1.44,-0.42%,0.42%,-0.96,"36,572",58,"20,077"
2026-09-29 10:32:39,KSE100PR,AGP,AGP Limited,157.87,157.00,-0.87,-0.55%,0.28%,-0.83,"33,177",84,"13,188"
2026-09-29 10:32:39,KSE100PR,THALL,Thal Limited,512.31,512.96,0.65,0.13%,0.35%,0.24,"30,522",32,"16,626"
2026-09-29 10:32:39,KSE100PR,APL,Attock Petroleum Limited,578.43,577.00,-1.43,-0.25%,0.38%,-0.51,"27,594",31,"17,947"
2026-09-29 10:32:39,KSE100PR,PIOC,Pioneer Cement Limited,243.14,243.04,-0.10,-0.04%,0.17%,-0.04,"25,846",34,"8,281"
2026-09-29 10:32:39,KSE100PR,LCIXD,Lucky Core Industries Limited,208.69,206.85,-1.84,-0.88%,0.40%,-1.93,"24,490",92,"19,104"
2026-09-29 10:32:39,KSE100PR,MEHT,Mehmood Textile Mills Limited,138.98,138.00,-0.98,-0.70%,0.06%,-0.22,"23,376",20,"2,691"
2026-09-29 10:32:39,KSE100PR,HGFA,HBL Growth Fund,13.85,13.84,-0.01,-0.07%,0.08%,-0.03,"20,407",265,"3,672"
2026-09-29 10:32:39,KSE100PR,INILXD,International Industries Limited,164.03,162.70,-1.33,-0.81%,0.20%,-0.90,"20,150",59,"9,656"
2026-09-29 10:32:39,KSE100PR,CHCC,Cherat Cement Company Limited,278.74,277.69,-1.05,-0.38%,0.68%,-1.39,"18,179",117,"32,372"
2026-09-29 10:32:39,KSE100PR,ABL,Allied Bank Limited,170.01,169.99,-0.02,-0.01%,0.41%,-0.03,"13,813",115,"19,465"
2026-09-29 10:32:39,KSE100PR,INDUXD,Indus Motor Company Limited,"1,802.93","1,800.00",-2.93,-0.16%,0.53%,-0.47,"10,137",14,"25,183"
2026-09-29 10:32:39,KSE100PR,SHFA,Shifa International Hospitals Limited,449.64,440.00,-9.64,-2.14%,0.26%,-3.12,"7,865",28,"12,516"
2026-09-29 10:32:39,KSE100PR,BNWM,Bannu Woollen Mills Limited,62.92,61.57,-1.35,-2.15%,0.01%,-0.07,"6,976",5,293
2026-09-29 10:32:39,KSE100PR,BWCL,Bestway Cement Limited,446.31,446.97,0.66,0.15%,0.56%,0.45,"6,553",60,"26,651"
2026-09-29 10:32:39,KSE100PR,PGLC,Pak-Gulf Leasing Company Limited,16.90,16.25,-0.65,-3.85%,0.00%,-0.07,"6,526",10,161
2026-09-29 10:32:39,KSE100PR,HINOON,Highnoon Laboratories Limited,948.13,943.50,-4.63,-0.49%,0.42%,-1.12,"5,900",21,"19,996"
2026-09-29 10:32:39,KSE100PR,PABC,Pakistan Aluminium Beverage Cans Limited,96.00,93.94,-2.06,-2.15%,0.11%,-1.27,"4,730",54,"5,088"
2026-09-29 10:32:39,KSE100PR,COLGXD,Colgate-Palmolive (Pakistan) Limited,"1,118.15","1,119.95",1.80,0.16%,0.57%,0.50,"2,248",24,"27,189"
2026-09-29 10:32:39,KSE100PR,ABOT,Abbott Laboratories (Pakistan) Limited,927.73,923.49,-4.24,-0.46%,0.41%,-1.02,"1,466",21,"19,552"
2026-09-29 10:32:39,KSE100PR,ATLH,Atlas Honda Limited,"1,572.11","1,569.98",-2.13,-0.13%,0.41%,-0.30,791,12,"19,482"
2026-09-29 10:32:39,KSE100PR,NESTLE,Nestle Pakistan Limited,"7,361.00","7,358.00",-3.00,-0.04%,0.70%,-0.15,743,5,"33,368"
2026-09-29 10:32:39,KSE100PR,PAKT,Pakistan Tobacco Company Limited,"1,390.00","1,395.00",5.00,0.36%,0.37%,0.72,703,13,"17,604"
2026-09-29 10:32:39,KSE100PR,MUREB,Murree Brewery Company Limited,935.61,935.00,-0.61,-0.06%,0.22%,-0.08,656,11,"10,346"
2026-09-29 10:32:39,KSE100PR,PSEL,Pakistan Services Limited,"1,145.04","1,110.02",-35.02,-3.06%,0.72%,-12.28,376,31,"34,211"
2026-09-29 10:32:39,KSE100PR,IBFL,Ibrahim Fibres Limited,251.57,251.00,-0.57,-0.23%,0.08%,-0.10,173,16,"3,897"
2026-09-29 10:32:39,KSE100PR,JDWS,JDW Sugar Mills Limited,877.57,880.00,2.43,0.28%,0.16%,0.24,126,9,"7,627"
2026-09-29 10:32:39,KSE100PR,UPFL,Unilever Pakistan Foods Limited,"25,185.50","25,335.00",149.50,0.59%,0.28%,0.89,63,1,"13,205"
2026-09-29 10:32:39,KSE100PR,RMPL,Rafhan Maize Products Company Limited,"8,835.00","8,899.90",64.90,0.74%,0.09%,0.34,22,0,"4,110"
2026-09-29 10:32:39,ALLSHR,CNERGY,Cnergyico PK Limited,13.32,13.08,-0.24,-1.80%,0.38%,-7.77,"56,285,129","5,493","71,854"
2026-09-29 10:32:39,ALLSHR,TISL,Tasdeeq Information Services Limited,4.95,5.22,0.27,5.46%,0.03%,1.51,"56,045,267",950,"4,959"
2026-09-29 10:32:39,ALLSHR,KEL,K-Electric Limited,6.06,6.10,0.04,0.66%,0.89%,6.51,"34,640,017","27,615","168,453"
2026-09-29 10:32:39,ALLSHR,SGPL,S.G. Power Limited,23.14,25.25,2.11,9.12%,0.01%,0.89,"29,842,425",71,"1,801"
2026-09-29 10:32:39,ALLSHR,MDTL,Media Times Limited,8.01,8.02,0.01,0.13%,0.01%,0.01,"21,045,503",179,"1,434"
2026-09-29 10:32:39,ALLSHR,WAVESAPP,Waves Home Appliances Limited,8.03,8.08,0.05,0.62%,0.01%,0.08,"19,865,981",268,"2,165"
2026-09-29 10:32:39,ALLSHR,PRL,Pakistan Refinery Limited,94.33,92.56,-1.77,-1.88%,0.31%,-6.57,"19,681,748",630,"58,313"
2026-09-29 10:32:39,ALLSHR,DSIL,D.S. Industries Limited,11.83,13.01,1.18,9.98%,0.01%,0.58,"19,664,607",84,"1,089"
2026-09-29 10:32:39,ALLSHR,LOTCHEM,Lotte Chemical Pakistan Limited,25.93,27.49,1.56,6.02%,0.22%,13.92,"13,590,161","1,514","41,626"
2026-09-29 10:32:39,ALLSHR,TRG,TRG Pakistan Limited,57.72,57.80,0.08,0.14%,0.17%,0.26,"11,771,319",545,"31,524"
2026-09-29 10:32:39,ALLSHR,FNEL,First National Equities Limited,1.12,1.12,0.00,0.00%,0.02%,0.00,"11,623,669","2,673","2,994"
2026-09-29 10:32:39,ALLSHR,WTL,Worldcall Telecom Limited,1.05,1.03,-0.02,-1.90%,0.03%,-0.59,"10,111,035","4,982","5,132"
2026-09-29 10:32:39,ALLSHR,OBOY,Oilboy Energy Limited,16.44,16.95,0.51,3.10%,0.00%,0.15,"9,379,429",50,848
2026-09-29 10:32:39,ALLSHR,PREMA,At-Tahur Limited,32.04,35.24,3.20,9.99%,0.04%,4.12,"9,349,913",219,"7,705"
2026-09-29 10:32:39,ALLSHR,GDL,Ghani Dairies Limited,17.97,18.65,0.68,3.78%,0.04%,1.72,"8,969,953",429,"8,005"
2026-09-29 10:32:39,ALLSHR,TSBL,Trust Securities & Brokerage Limited,2.33,2.28,-0.05,-2.15%,0.01%,-0.22,"8,309,824",750,"1,710"
2026-09-29 10:32:39,ALLSHR,TPLP,TPL Properties Limited,12.36,12.65,0.29,2.35%,0.04%,0.96,"8,295,053",561,"7,098"
2026-09-29 10:32:39,ALLSHR,BBFL,Big Bird Foods Limited,39.00,37.45,-1.55,-3.97%,0.06%,-2.73,"7,952,746",299,"11,194"
2026-09-29 10:32:39,ALLSHR,PIBTL,Pakistan International Bulk Terminal,14.94,14.57,-0.37,-2.48%,0.14%,-3.89,"7,162,882","1,786","26,023"
2026-09-29 10:32:39,ALLSHR,BOP,The Bank of Punjab,30.52,30.38,-0.14,-0.46%,0.53%,-2.70,"5,517,941","3,272","99,390"
2026-09-29 10:32:39,ALLSHR,FCSC,First Capital Securities Corporation,5.45,5.70,0.25,4.59%,0.01%,0.47,"5,072,686",317,"1,805"
2026-09-29 10:32:39,ALLSHR,MLCF,Maple Leaf Cement Factory Limited,93.54,92.75,-0.79,-0.84%,0.51%,-4.88,"4,825,945","1,048","97,161"
2026-09-29 10:32:39,ALLSHR,ZUMA,Zuma Resources Limited,28.24,27.00,-1.24,-4.39%,0.01%,-0.52,"4,355,626",71,"1,904"
2026-09-29 10:32:39,ALLSHR,STL,Supernet Technologies Limited,24.48,24.75,0.27,1.10%,0.03%,0.32,"4,069,456",199,"4,928"
2026-09-29 10:32:39,ALLSHR,SEARL,The Searle Company Limited,81.16,80.12,-1.04,-1.28%,0.25%,-3.60,"3,760,185",588,"47,128"
2026-09-29 10:32:39,ALLSHR,NRL,National Refinery Limited,567.18,580.00,12.82,2.26%,0.25%,6.04,"3,733,889",80,"46,381"
2026-09-29 10:32:39,ALLSHR,PACE,Pace (Pakistan) Limited,10.10,9.95,-0.15,-1.48%,0.02%,-0.27,"3,633,571",310,"3,083"
2026-09-29 10:32:39,ALLSHR,GCIL,Ghani Chemical Industries Limited,32.22,31.80,-0.42,-1.30%,0.10%,-1.41,"3,628,047",570,"18,140"
2026-09-29 10:32:39,ALLSHR,GRR,Globe Residency REIT,22.80,22.64,-0.16,-0.70%,0.02%,-0.13,"3,463,804",140,"3,170"
2026-09-29 10:32:39,ALLSHR,FPJM,First Punjab Modaraba,24.00,26.40,2.40,10.00%,0.00%,0.48,"3,316,573",34,898
2026-09-29 10:32:39,ALLSHR,AHCL,Arif Habib Corporation Limited,15.84,16.06,0.22,1.39%,0.36%,5.47,"3,310,294","4,217","67,724"
2026-09-29 10:32:39,ALLSHR,HASCOLNC,Hascol Petroleum Limited,19.22,18.80,-0.42,-2.18%,0.10%,-2.47,"3,182,912",999,"18,783"
2026-09-29 10:32:39,ALLSHR,PIAHCLA,PIA Holding Company Limited,22.62,22.48,-0.14,-0.62%,0.62%,-4.32,"3,110,401","5,234","117,655"
2026-09-29 10:32:39,ALLSHR,DNCC,Dandot Cement Company Limited,20.35,19.45,-0.90,-4.42%,0.03%,-1.68,"3,063,390",316,"6,153"
2026-09-29 10:32:39,ALLSHR,DCL,Dewan Cement Limited,9.86,9.40,-0.46,-4.66%,0.03%,-1.47,"3,028,954",544,"5,115"
2026-09-29 10:32:39,ALLSHR,TPLRF1,TPL REIT Fund I,9.24,9.20,-0.04,-0.43%,0.09%,-0.43,"2,851,945","1,835","16,882"
2026-09-29 10:32:39,ALLSHR,ASL,Aisha Steel Mills Limited,16.55,16.75,0.20,1.21%,0.08%,1.10,"2,804,545",931,"15,591"
2026-09-29 10:32:39,ALLSHR,NCPL,Nishat Chunian Power Limited,56.15,55.51,-0.64,-1.14%,0.11%,-1.39,"2,792,633",367,"20,391"
2026-09-29 10:32:39,ALLSHR,PPL,Pakistan Petroleum Limited,231.01,227.48,-3.53,-1.53%,3.28%,-56.59,"2,741,323","2,721","618,966"
2026-09-29 10:32:39,ALLSHR,KOSM,Kohinoor Spinning Mills Limited,5.00,4.95,-0.05,-1.00%,0.01%,-0.16,"2,623,568",553,"2,737"
2026-09-29 10:32:39,ALLSHR,NBP,National Bank of Pakistan,165.19,164.85,-0.34,-0.21%,1.86%,-4.26,"2,585,211","2,128","350,720"
2026-09-29 10:32:39,ALLSHR,BECO,Beco Steel Limited,4.41,4.38,-0.03,-0.68%,0.03%,-0.22,"2,574,029","1,250","5,473"
2026-09-29 10:32:39,ALLSHR,AIRLINK,Air Link Communication Limited,127.90,124.06,-3.84,-3.00%,0.26%,-8.94,"2,462,529",395,"49,037"
2026-09-29 10:32:39,ALLSHR,SSGC,Sui Southern Gas Company Limited,24.12,23.81,-0.31,-1.28%,0.11%,-1.61,"2,343,349",881,"20,975"
2026-09-29 10:32:39,ALLSHR,SELECT,Select Technologies Limited,31.33,31.00,-0.33,-1.05%,0.15%,-1.73,"2,246,440",889,"27,556"
2026-09-29 10:32:39,ALLSHR,POWER,Power Cement Limited,22.09,22.27,0.18,0.82%,0.15%,1.37,"2,076,049","1,291","28,740"
2026-09-29 10:32:39,ALLSHR,NETSOL,NetSol Technologies Limited,124.21,120.49,-3.72,-2.99%,0.06%,-1.97,"2,054,118",90,"10,824"
2026-09-29 10:32:39,ALLSHR,FCL,Fast Cables Limited,27.54,27.30,-0.24,-0.87%,0.09%,-0.91,"1,980,516",645,"17,597"
2026-09-29 10:32:39,ALLSHR,SPSL,Sitara Petroleum Service Limited,16.17,16.14,-0.03,-0.19%,0.14%,-0.30,"1,939,590","1,680","27,114"
2026-09-29 10:32:39,ALLSHR,WAVES,Waves Corporation Limited,9.01,9.03,0.02,0.22%,0.01%,0.03,"1,934,142",281,"2,541"
2026-09-29 10:32:39,ALLSHR,NPL,Nishat Power Limited,62.45,61.18,-1.27,-2.03%,0.11%,-2.65,"1,830,510",354,"21,663"
2026-09-29 10:32:39,ALLSHR,FCCLXD,Fauji Cement Company Limited,53.01,52.33,-0.68,-1.28%,0.68%,-9.83,"1,728,984","2,453","128,357"
2026-09-29 10:32:39,ALLSHR,CLVL,Cordoba Logistics & Ventures Limited,27.51,30.26,2.75,10.00%,0.01%,1.17,"1,721,441",72,"2,182"
2026-09-29 10:32:39,ALLSHR,NRSL,Nimir Resins Limited,36.13,36.80,0.67,1.85%,0.03%,0.56,"1,641,997",141,"5,201"
2026-09-29 10:32:39,ALLSHR,HBL,Habib Bank Limited,304.21,301.60,-2.61,-0.86%,2.34%,-22.56,"1,609,683","1,467","442,403"
2026-09-29 10:32:39,ALLSHR,PAEL,Pak Elektron Limited,35.74,35.50,-0.24,-0.67%,0.17%,-1.31,"1,466,520",924,"32,790"
2026-09-29 10:32:39,ALLSHR,DFSM,Dewan Farooque Spinning Mills Limited,13.01,14.31,1.30,9.99%,0.01%,0.75,"1,444,319",98,"1,399"
2026-09-29 10:32:39,ALLSHR,DSLNC,Dost Steels Limited,4.54,4.30,-0.24,-5.29%,0.01%,-0.63,"1,428,493",445,"1,912"
2026-09-29 10:32:39,ALLSHR,SPAC1,LSE SPAC-I Limited,18.98,18.40,-0.58,-3.06%,0.00%,-0.09,"1,412,668",26,478
2026-09-29 10:32:39,ALLSHR,LSEVL,LSE Ventures Limited,13.43,12.98,-0.45,-3.35%,0.03%,-1.06,"1,387,495",399,"5,182"
2026-09-29 10:32:39,ALLSHR,DGKC,D.G. Khan Cement Company Limited,192.09,192.50,0.41,0.21%,0.45%,1.06,"1,338,840",438,"84,338"
2026-09-29 10:32:39,ALLSHR,DBCINC,Dadabhoy Cement Industries Limited,10.12,11.13,1.01,9.98%,0.01%,0.58,"1,319,654",98,"1,093"
2026-09-29 10:32:39,ALLSHR,TPL,TPL Corp Limited,21.82,21.96,0.14,0.64%,0.03%,0.22,"1,317,927",267,"5,870"
2026-09-29 10:32:39,ALLSHR,HUBC,The Hub Power Company Limited,202.86,202.12,-0.74,-0.36%,1.39%,-5.66,"1,302,710","1,297","262,181"
2026-09-29 10:32:39,ALLSHR,UNITY,Unity Foods Limited,8.02,8.06,0.04,0.50%,0.05%,0.28,"1,291,479","1,194","9,624"
2026-09-29 10:32:39,ALLSHR,BML,Bank Makramah Limited,54.09,56.70,2.61,4.83%,0.31%,15.81,"1,239,852","1,028","58,281"
2026-09-29 10:32:39,ALLSHR,MFL,Matco Foods Limited,45.85,45.30,-0.55,-1.20%,0.03%,-0.40,"1,238,465",122,"5,545"
2026-09-29 10:32:39,ALLSHR,SNGP,Sui Northern Gas Pipelines Limited,92.81,92.00,-0.81,-0.87%,0.31%,-3.03,"1,237,887",634,"58,348"
2026-09-29 10:32:39,ALLSHR,PSO,Pakistan State Oil Company Limited,355.24,351.50,-3.74,-1.05%,0.87%,-10.35,"1,233,363",469,"165,020"
2026-09-29 10:32:39,ALLSHR,TREET,Treet Corporation Limited,22.77,22.63,-0.14,-0.61%,0.04%,-0.31,"1,220,298",371,"8,396"
2026-09-29 10:32:39,ALLSHR,OGDC,Oil & Gas Development Company Limited,318.69,317.79,-0.90,-0.28%,7.23%,-22.81,"1,215,923","4,301","1,366,792"
2026-09-29 10:32:39,ALLSHR,BNL,Bunnys Limited,5.72,5.56,-0.16,-2.80%,0.02%,-0.63,"1,180,122",668,"3,714"
2026-09-29 10:32:39,ALLSHR,PASLNC,Pervez Ahmed Consultancy Services Ltd.,2.54,2.50,-0.04,-1.57%,0.00%,-0.04,"1,128,019",187,466
2026-09-29 10:32:39,ALLSHR,CSIL,Crescent Star Insurance Limited,5.39,5.35,-0.04,-0.74%,0.00%,-0.04,"1,102,589",149,795
2026-09-29 10:32:39,ALLSHR,GGL,Ghani Global Holdings Limited,20.47,19.90,-0.57,-2.78%,0.04%,-1.19,"1,087,670",354,"7,047"
2026-09-29 10:32:39,ALLSHR,MWMP,Mandviwala Mauser Plastic Industries,85.86,84.99,-0.87,-1.01%,0.01%,-0.15,"1,017,085",29,"2,443"
2026-09-29 10:32:39,ALLSHR,LSECL,LSE Capital Limited.,5.91,5.98,0.07,1.18%,0.01%,0.16,"1,002,464",387,"2,314"
2026-09-29 10:32:39,ALLSHR,PKGI,The Pakistan General Insurance Co. Ltd.,32.19,28.97,-3.22,-10.00%,0.02%,-2.72,"952,003",144,"4,160"
2026-09-29 10:32:39,ALLSHR,FCEPL,Frieslandcampina Engro Pakistan Limited,135.42,137.75,2.33,1.72%,0.56%,10.52,"887,866",767,"105,599"
2026-09-29 10:32:39,ALLSHR,ITANZ,Itanz Technologies Limited,33.91,33.56,-0.35,-1.03%,0.02%,-0.24,"887,081",119,"3,980"
2026-09-29 10:32:39,ALLSHR,SLGL,Secure Logistics-Trax Group Limited,14.01,13.99,-0.02,-0.14%,0.03%,-0.05,"865,808",422,"5,901"
2026-09-29 10:32:39,ALLSHR,TELE,Telecard Limited,7.80,7.78,-0.02,-0.26%,0.01%,-0.04,"825,976",339,"2,635"
2026-09-29 10:32:39,ALLSHR,AGHA,Agha Steel Ind.Ltd,6.65,6.71,0.06,0.90%,0.03%,0.26,"815,484",721,"4,840"
2026-09-29 10:32:39,ALLSHR,AKBL,Askari Bank Limited,107.22,106.00,-1.22,-1.14%,0.81%,-10.42,"804,574","1,449","153,626"
2026-09-29 10:32:39,ALLSHR,SLM,Service Long March Tyres Limited,22.88,22.87,-0.01,-0.04%,0.94%,-0.46,"796,492","7,795","178,266"
2026-09-29 10:32:39,ALLSHR,THCCL,Thatta Cement Company Limited,75.01,74.55,-0.46,-0.61%,0.20%,-1.35,"777,376",499,"37,170"
2026-09-29 10:32:39,ALLSHR,SYS,Systems Limited,119.16,118.00,-1.16,-0.97%,0.92%,-10.07,"760,224","1,473","173,862"
2026-09-29 10:32:39,ALLSHR,ASTL,Amreli Steels Limited,19.62,19.50,-0.12,-0.61%,0.03%,-0.24,"744,087",337,"6,572"
2026-09-29 10:32:39,ALLSHR,LOADS,Loads Limited,12.56,12.30,-0.26,-2.07%,0.02%,-0.57,"734,874",371,"4,566"
2026-09-29 10:32:39,ALLSHR,SYM,Symmetry Group Limited,12.61,12.98,0.37,2.93%,0.02%,0.62,"718,715",285,"3,702"
2026-09-29 10:32:39,ALLSHR,CHBL,Chenab Limited,10.31,10.10,-0.21,-2.04%,0.01%,-0.14,"714,907",115,"1,162"
2026-09-29 10:32:39,ALLSHR,QUICE,Quice Food Industries Limited,30.49,30.39,-0.10,-0.33%,0.02%,-0.06,"712,922",98,"2,992"
2026-09-29 10:32:39,ALLSHR,CLOV,Clover Pakistan Limited,6.87,6.78,-0.09,-1.31%,0.01%,-0.21,"712,777",389,"2,639"
2026-09-29 10:32:39,ALLSHR,BLUEX,Blue-Ex Limited,6.00,5.94,-0.06,-1.00%,0.01%,-0.10,"708,569",284,"1,689"
2026-09-29 10:32:39,ALLSHR,TOMCL,The Organic Meat Company Limited,33.09,32.82,-0.27,-0.82%,0.03%,-0.31,"694,139",196,"6,444"
2026-09-29 10:32:39,ALLSHR,MACFL,MACPAC Films Limited,70.30,70.25,-0.05,-0.07%,0.02%,-0.02,"684,498",59,"4,166"
2026-09-29 10:32:39,ALLSHR,FFL,Fauji Foods Limited,14.86,14.80,-0.06,-0.40%,0.20%,-0.89,"632,083","2,520","37,295"
2026-09-29 10:32:39,ALLSHR,STPL,Siddiqsons Tin Plate Limited,8.02,7.97,-0.05,-0.62%,0.01%,-0.07,"630,486",229,"1,827"
2026-09-29 10:32:39,ALLSHR,FATIMA,Fatima Fertilizer Company Limited,143.35,142.90,-0.45,-0.31%,1.59%,-5.57,"613,428","2,100","300,090"
2026-09-29 10:32:39,ALLSHR,KOHC,Kohat Cement Company Limited,89.93,88.06,-1.87,-2.08%,0.43%,-10.13,"603,871",919,"80,954"
2026-09-29 10:32:39,ALLSHR,HUMNL,Hum Network Limited,10.15,10.20,0.05,0.49%,0.06%,0.33,"594,177","1,134","11,567"
2026-09-29 10:32:39,ALLSHR,GAL,Ghandhara Automobiles Limited,537.23,543.50,6.27,1.17%,0.16%,2.11,"518,960",57,"30,981"
2026-09-29 10:32:39,ALLSHR,ATRL,Attock Refinery Limited,"1,177.12","1,180.00",2.88,0.25%,0.67%,1.81,"513,741",107,"125,807"
2026-09-29 10:32:39,ALLSHR,NML,Nishat Mills Limited,133.09,131.49,-1.60,-1.20%,0.24%,-3.31,"511,828",352,"46,232"
2026-09-29 10:32:39,ALLSHR,WASL,Wasl Mobility Modaraba,5.73,5.76,0.03,0.52%,0.00%,0.03,"508,483",161,926
2026-09-29 10:32:39,ALLSHR,MCB,MCB Bank Limited,390.01,389.00,-1.01,-0.26%,2.44%,-7.05,"505,688","1,185","460,988"
2026-09-29 10:32:39,ALLSHR,ZAL,Zarea Limited,40.67,40.60,-0.07,-0.17%,0.06%,-0.11,"479,575",263,"10,658"
2026-09-29 10:32:39,ALLSHR,ARCTM,Arctic Textile Mills Limited,53.90,52.70,-1.20,-2.23%,0.00%,-0.09,"467,005",13,694
2026-09-29 10:32:39,ALLSHR,KML,Kohinoor Mills Limited,8.34,8.11,-0.23,-2.76%,0.02%,-0.69,"463,480",509,"4,129"
2026-09-29 10:32:39,ALLSHR,SHDT,Shadab Textile Mills Limited,49.78,52.46,2.68,5.38%,0.01%,0.36,"453,560",23,"1,199"
2026-09-29 10:32:39,ALLSHR,ENGROH,Engro Holdings Limited,263.49,262.50,-0.99,-0.38%,1.67%,-7.02,"439,748","1,204","316,111"
2026-09-29 10:32:39,ALLSHR,MEBL,Meezan Bank Limited,549.23,551.35,2.12,0.39%,5.27%,22.57,"431,821","1,807","996,343"
2026-09-29 10:32:39,ALLSHR,LUCKXD,Lucky Cement Limited,412.57,411.50,-1.07,-0.26%,3.19%,-9.24,"420,709","1,465","602,848"
2026-09-29 10:32:39,ALLSHR,WAHDAT,Wahdat Poultry Farm Limited,14.87,15.10,0.23,1.55%,0.03%,0.45,"412,321",335,"5,062"
2026-09-29 10:32:39,ALLSHR,IPAK,International Packaging Films Limited,36.16,35.87,-0.29,-0.80%,0.14%,-1.26,"410,821",735,"26,372"
2026-09-29 10:32:39,ALLSHR,UDLI,UDL International Limited,16.72,16.51,-0.21,-1.26%,0.00%,-0.04,"406,492",35,580
2026-09-29 10:32:39,ALLSHR,PSXXD,Pakistan Stock Exchange Limited,45.95,45.98,0.03,0.07%,0.19%,0.14,"403,522",801,"36,852"
2026-09-29 10:32:39,ALLSHR,PTC,Pakistan Telecommunication Company Ltd,61.26,60.60,-0.66,-1.08%,1.21%,-14.68,"399,714","3,774","228,704"
2026-09-29 10:32:39,ALLSHR,JSIL,JS Investments Limited,37.01,36.97,-0.04,-0.11%,0.01%,-0.01,"395,161",62,"2,284"
2026-09-29 10:32:39,ALLSHR,HIRATNC,Hira Textile Mills Limited,5.52,5.70,0.18,3.26%,0.00%,0.09,"391,795",87,493
2026-09-29 10:32:39,ALLSHR,GATM,Gul Ahmed Textile Mills Limited,20.59,20.62,0.03,0.15%,0.08%,0.13,"387,341",740,"15,260"
2026-09-29 10:32:39,ALLSHR,TBL,Treet Battery Limited.,8.80,8.68,-0.12,-1.36%,0.05%,-0.77,"384,066","1,083","9,397"
2026-09-29 10:32:39,ALLSHR,GCWL,Ghani Chemworld Limited,13.60,13.37,-0.23,-1.69%,0.02%,-0.34,"381,734",250,"3,344"
2026-09-29 10:32:39,ALLSHR,AVN,Avanceon Limited,28.47,28.05,-0.42,-1.47%,0.06%,-1.06,"377,678",430,"12,052"
2026-09-29 10:32:39,ALLSHR,FFC,Fauji Fertilizer Company Limited,542.51,539.95,-2.56,-0.47%,4.11%,-21.71,"374,103","1,439","777,001"
2026-09-29 10:32:39,ALLSHR,BAFL,Bank Alfalah Limited,56.93,56.41,-0.52,-0.91%,0.94%,-9.66,"371,675","3,154","177,936"
2026-09-29 10:32:39,ALLSHR,ASTM,Asim Textile Mills Limited,94.18,103.60,9.42,10.00%,0.01%,0.84,"343,403",15,"1,572"
2026-09-29 10:32:39,ALLSHR,QTECH,Quantum Data Technologies Limited,37.96,36.60,-1.36,-3.58%,0.02%,-0.97,"342,300",122,"4,450"
2026-09-29 10:32:39,ALLSHR,DFML,Dewan Farooque Motors Limited,16.24,15.95,-0.29,-1.79%,0.03%,-0.51,"342,175",300,"4,785"
2026-09-29 10:32:39,ALLSHR,MARI,Mari Energies Limited,635.09,629.96,-5.13,-0.81%,4.00%,-36.29,"335,783","1,201","756,344"
2026-09-29 10:32:39,ALLSHR,ITTEFAQ,Ittefaq Iron Industries Limited,8.25,8.07,-0.18,-2.18%,0.01%,-0.15,"323,156",144,"1,165"
2026-09-29 10:32:39,ALLSHR,TPLT,TPL Trakker Limited,31.73,31.98,0.25,0.79%,0.03%,0.28,"319,149",187,"5,989"
2026-09-29 10:32:39,ALLSHR,SPWL,Saif Power Limited,7.82,7.85,0.03,0.38%,0.02%,0.07,"318,973",386,"3,034"
2026-09-29 10:32:39,ALLSHR,FDPL,First Dawood Properties Limited,4.56,4.50,-0.06,-1.32%,0.00%,-0.05,"313,105",148,668
2026-09-29 10:32:39,ALLSHR,BAHL,Bank AL Habib Limited,151.50,151.98,0.48,0.32%,0.89%,3.14,"311,721","1,111","168,914"
2026-09-29 10:32:39,ALLSHR,DCR,Dolmen City REIT,39.19,39.00,-0.19,-0.48%,0.46%,-2.49,"310,662","2,224","86,724"
2026-09-29 10:32:39,ALLSHR,GGGL,Ghani Global Glass Limited,7.78,7.58,-0.20,-2.57%,0.01%,-0.28,"306,250",240,"1,819"
2026-09-29 10:32:39,ALLSHR,TRSM,Trust Modaraba,13.60,13.64,0.04,0.29%,0.00%,0.01,"300,424",30,406
2026-09-29 10:32:39,ALLSHR,JSCL,Jahangir Siddiqui & Co. Ltd.,20.65,20.10,-0.55,-2.66%,0.10%,-2.97,"297,228",916,"18,410"
2026-09-29 10:32:39,ALLSHR,ASCNC,Al Shaheer Corporation Limited,8.60,8.41,-0.19,-2.21%,0.02%,-0.42,"278,050",375,"3,153"
2026-09-29 10:32:39,ALLSHR,UBL,United Bank Limited,424.18,420.50,-3.68,-0.87%,5.57%,-54.30,"269,499","2,504","1,053,036"
2026-09-29 10:32:39,ALLSHR,AKDSL,AKD Securities Limited,33.50,33.80,0.30,0.90%,0.10%,0.99,"268,853",558,"18,855"
2026-09-29 10:32:39,ALLSHR,POL,Pakistan Oilfields Limited,752.44,750.99,-1.45,-0.19%,1.13%,-2.43,"267,964",284,"213,172"
2026-09-29 10:32:39,ALLSHR,EFERT,Engro Fertilizers Limited,193.96,192.75,-1.21,-0.62%,1.36%,-9.52,"262,542","1,335","257,379"
2026-09-29 10:32:39,ALLSHR,PPVCNC,Pakistan PVC Limited,18.53,18.50,-0.03,-0.16%,0.00%,0.00,"257,615",15,277
2026-09-29 10:32:39,ALLSHR,PAKRI,Pakistan Reinsurance Company Limited,15.74,15.55,-0.19,-1.21%,0.07%,-1.01,"256,654",900,"13,995"
2026-09-29 10:32:39,ALLSHR,SRVI,Service Industries Limited,179.30,178.10,-1.20,-0.67%,0.44%,-3.32,"241,217",470,"83,685"
2026-09-29 10:32:39,ALLSHR,AMTEXNC,Amtex Limited,3.85,3.79,-0.06,-1.56%,0.01%,-0.09,"238,272",259,983
2026-09-29 10:32:39,ALLSHR,NCL,Nishat Chunian Limited,39.06,39.00,-0.06,-0.15%,0.05%,-0.08,"217,255",240,"9,365"
2026-09-29 10:32:39,ALLSHR,SOYASUP,Agro Processors & Atmospheric Gases Ltd,30.71,31.40,0.69,2.25%,0.06%,1.57,"213,017",387,"12,152"
2026-09-29 10:32:39,ALLSHR,KOHE,Kohinoor Energy Limited,15.16,14.99,-0.17,-1.12%,0.01%,-0.17,"212,200",169,"2,540"
2026-09-29 10:32:39,ALLSHR,FEROZ,Ferozsons Laboratories Limited,325.07,350.00,24.93,7.67%,0.08%,6.38,"209,515",43,"15,214"
2026-09-29 10:32:39,ALLSHR,JVDCXD,Javedan Corporation Limited,138.34,137.90,-0.44,-0.32%,0.28%,-0.99,"208,775",381,"52,521"
2026-09-29 10:32:39,ALLSHR,ILP,Interloop Limited,97.63,98.00,0.37,0.38%,0.73%,3.06,"207,501","1,402","137,368"
2026-09-29 10:32:39,ALLSHR,TPLL,TPL Life Insurance Limited,18.25,19.00,0.75,4.11%,0.02%,0.99,"206,196",225,"4,266"
2026-09-29 10:32:39,ALLSHR,IGIHL,IGI Holdings Limited,252.39,255.00,2.61,1.03%,0.19%,2.19,"204,877",143,"36,371"
2026-09-29 10:32:39,ALLSHR,LEUL,Leather Up Limited,75.61,74.99,-0.62,-0.82%,0.00%,-0.02,"199,450",6,450
2026-09-29 10:32:39,ALLSHR,KAPCO,Kot Addu Power Company Limited,26.62,26.68,0.06,0.22%,0.12%,0.31,"199,289",880,"23,485"
2026-09-29 10:32:39,ALLSHR,UCAPM,Unicap Modaraba,5.30,5.15,-0.15,-2.83%,0.00%,-0.02,"197,265",24,122
2026-09-29 10:32:39,ALLSHR,SBL,Samba Bank Limited,12.61,12.65,0.04,0.32%,0.07%,0.24,"193,687","1,008","12,754"
2026-09-29 10:32:39,ALLSHR,LSEFSL,LSE Financial Services Limited.,3.41,3.41,0.00,0.00%,0.00%,0.00,"191,402",270,921
2026-09-29 10:32:39,ALLSHR,NNAR,Naya Nazimabad Apartment REIT,22.95,22.79,-0.16,-0.70%,0.04%,-0.28,"184,450",294,"6,695"
2026-09-29 10:32:39,ALLSHR,ORM,Orient Rental Mod,11.51,11.35,-0.16,-1.39%,0.00%,-0.07,"175,559",75,851
2026-09-29 10:32:39,ALLSHR,MSOT,Masood Textile Mills Limited,192.89,188.44,-4.45,-2.31%,0.07%,-1.77,"164,596",68,"12,720"
2026-09-29 10:32:39,ALLSHR,BERG,Berger Paints Pakistan Limited,118.40,119.65,1.25,1.06%,0.02%,0.18,"163,277",25,"2,938"
2026-09-29 10:32:39,ALLSHR,BGL,Baluchistan Glass Limited,9.37,9.35,-0.02,-0.21%,0.03%,-0.08,"155,844",639,"5,970"
2026-09-29 10:32:39,ALLSHR,RPL,Roshan Packages Limited,15.59,15.50,-0.09,-0.58%,0.01%,-0.08,"146,528",142,"2,199"
2026-09-29 10:32:39,ALLSHR,FANM,First Al-Noor Modaraba,9.83,9.86,0.03,0.31%,0.00%,0.00,"144,991",23,228
2026-09-29 10:32:39,ALLSHR,GHNI,Ghandhara Industries Limited,"1,074.75","1,061.50",-13.25,-1.23%,0.24%,-3.33,"144,973",43,"45,229"
2026-09-29 10:32:39,ALLSHR,HIFA,HBL Investment Fund,4.78,4.79,0.01,0.21%,0.01%,0.02,"143,875",284,"1,361"
2026-09-29 10:32:39,ALLSHR,EPCL,Engro Polymer & Chemicals Limited,32.63,32.76,0.13,0.40%,0.16%,0.70,"136,472",909,"29,776"
2026-09-29 10:32:39,ALLSHR,HCAR,Honda Atlas Cars (Pakistan) Limited,218.18,217.35,-0.83,-0.38%,0.16%,-0.70,"135,017",143,"31,038"
2026-09-29 10:32:39,ALLSHR,DEL,Dawood Equities Limited,17.15,16.74,-0.41,-2.39%,0.00%,-0.07,"133,940",28,460
2026-09-29 10:32:39,ALLSHR,BUXL,Buxly Paints Limited,479.71,527.68,47.97,10.00%,0.00%,0.41,"132,924",1,760
2026-09-29 10:32:39,ALLSHR,FHAM,First Habib Modaraba,31.00,31.40,0.40,1.29%,0.02%,0.26,"131,242",111,"3,480"
2026-09-29 10:32:39,ALLSHR,KTML,Kohinoor Textile Mills Limited,41.31,41.00,-0.31,-0.75%,0.29%,-2.46,"130,797","1,346","55,206"
2026-09-29 10:32:39,ALLSHR,CEPB,Century Paper & Board Mills Limited,26.16,25.79,-0.37,-1.41%,0.05%,-0.88,"124,880",402,"10,360"
2026-09-29 10:32:39,ALLSHR,AGL,Agritech Limited,46.25,45.10,-1.15,-2.49%,0.14%,-4.06,"120,268",599,"27,019"
2026-09-29 10:32:39,ALLSHR,MERIT,Merit Packaging Limited,9.39,9.30,-0.09,-0.96%,0.01%,-0.11,"115,649",200,"1,860"
2026-09-29 10:32:39,ALLSHR,EMCO,Emco Industries Limited,35.74,34.00,-1.74,-4.87%,0.01%,-0.36,"113,933",35,"1,190"
2026-09-29 10:32:39,ALLSHR,ZTL,Zephyr Textiles Limited,15.51,14.79,-0.72,-4.64%,0.00%,-0.25,"113,728",59,879
2026-09-29 10:32:39,ALLSHR,UNIC,The United Insurance Company,11.19,11.04,-0.15,-1.34%,0.02%,-0.37,"112,811",416,"4,594"
2026-09-29 10:32:39,ALLSHR,IREITXD,Image REIT,7.92,7.94,0.02,0.25%,0.01%,0.03,"111,893",276,"2,190"
2026-09-29 10:32:39,ALLSHR,YOUW,Yousaf Weaving Mills Limited,4.87,4.95,0.08,1.64%,0.00%,0.08,"110,355",172,853
2026-09-29 10:32:39,ALLSHR,JSBL,JS Bank Limited,12.84,12.78,-0.06,-0.47%,0.14%,-0.72,"110,221","2,051","26,207"
2026-09-29 10:32:39,ALLSHR,AICL,Adamjee Insurance Company Limited,96.33,95.51,-0.82,-0.85%,0.18%,-1.69,"108,920",350,"33,429"
2026-09-29 10:32:39,ALLSHR,MUGHAL,Mughal Iron & Steel Industries Limited,70.03,69.83,-0.20,-0.29%,0.12%,-0.40,"107,094",336,"23,437"
2026-09-29 10:32:39,ALLSHR,PICT,Pakistan International Container,49.37,48.04,-1.33,-2.69%,0.03%,-0.86,"106,408",109,"5,244"
2026-09-29 10:32:39,ALLSHR,BFBIO,BF Biosciences Limited,127.51,127.40,-0.11,-0.09%,0.06%,-0.06,"106,171",88,"11,254"
2026-09-29 10:32:39,ALLSHR,MTL,Millat Tractors Limited,299.07,297.65,-1.42,-0.47%,0.63%,-3.34,"104,040",399,"118,772"
2026-09-29 10:32:39,ALLSHR,FFLM,First Fidelity Leasing Modaraba,11.41,11.49,0.08,0.70%,0.00%,0.01,"101,471",26,303
2026-09-29 10:32:39,ALLSHR,SINDM,Sindh Modaraba,27.50,30.25,2.75,10.00%,0.01%,0.73,"101,389",45,"1,361"
2026-09-29 10:32:39,ALLSHR,HTL,Hi-Tech Lubricants Limited,37.89,37.70,-0.19,-0.50%,0.03%,-0.16,"99,680",139,"5,248"
2026-09-29 10:32:39,ALLSHR,CPHL,Citi Pharma Ltd.,73.82,73.07,-0.75,-1.02%,0.09%,-1.01,"98,960",228,"16,694"
2026-09-29 10:32:39,ALLSHR,FPRM,First Paramount Modaraba,11.71,11.51,-0.20,-1.71%,0.00%,-0.02,"95,551",21,238
2026-09-29 10:32:39,ALLSHR,CLCPS,Chenab Limited (Pref),3.58,3.40,-0.18,-5.03%,0.00%,-0.08,"95,272",80,272
2026-09-29 10:32:39,ALLSHR,PAKQATAR,Pak Qatar Family Takaful Limited,17.37,17.38,0.01,0.06%,0.02%,0.01,"94,257",231,"4,010"
2026-09-29 10:32:39,ALLSHR,SPAC2,LSE SPAC-II Limited,14.02,13.99,-0.03,-0.21%,0.00%,0.00,"91,026",21,294
2026-09-29 10:32:39,ALLSHR,NICL,Nimir Industrial Chemicals Limited,265.16,263.75,-1.41,-0.53%,0.15%,-0.92,"90,376",111,"29,168"
2026-09-29 10:32:39,ALLSHR,BIPLXD,BankIslami Pakistan Limited,24.84,24.95,0.11,0.44%,0.15%,0.72,"90,116","1,109","27,662"
2026-09-29 10:32:39,ALLSHR,SSOM,S.S.Oil Mills Limited,446.88,491.57,44.69,10.00%,0.01%,1.49,"89,854",6,"2,781"
2026-09-29 10:32:39,ALLSHR,FCELNC,First Capital Equities Limited,5.00,4.93,-0.07,-1.40%,0.00%,-0.06,"89,587",141,697
2026-09-29 10:32:39,ALLSHR,PIM,Popular Islamic Modaraba,49.46,54.22,4.76,9.62%,0.01%,0.56,"87,419",20,"1,084"
2026-09-29 10:32:39,ALLSHR,GSPMNC,Gulshan Spinning Mills Limited,7.74,7.50,-0.24,-3.10%,0.00%,-0.03,"87,045",22,167
2026-09-29 10:32:39,ALLSHR,HICL,Habib Insurance Company Limited,8.03,7.96,-0.07,-0.87%,0.01%,-0.08,"86,873",200,"1,592"
2026-09-29 10:32:39,ALLSHR,FABL,Faysal Bank Limited,93.94,93.72,-0.22,-0.23%,0.75%,-1.97,"86,420","1,518","142,239"
2026-09-29 10:32:39,ALLSHR,CPPL,Cherat Packaging Limited,101.73,102.00,0.27,0.27%,0.03%,0.08,"85,007",49,"5,008"
2026-09-29 10:32:39,ALLSHR,AHLXD,Arif Habib Limited,107.03,107.99,0.96,0.90%,0.04%,0.37,"84,063",65,"7,056"
2026-09-29 10:32:39,ALLSHR,PILNC,PICIC Insurance Limited,5.16,5.08,-0.08,-1.55%,0.00%,-0.02,"81,601",35,178
2026-09-29 10:32:39,ALLSHR,KOHTM,Kohat Textile Mills Limited,94.27,91.89,-2.38,-2.53%,0.01%,-0.29,"80,341",21,"1,911"
2026-09-29 10:32:39,ALLSHR,EPQL,Engro Powergen Qadirpur Limited,23.88,23.85,-0.03,-0.13%,0.04%,-0.06,"79,254",324,"7,723"
2026-09-29 10:32:39,ALLSHR,ESBLNC,Escorts Investment Bank Limited,10.97,10.91,-0.06,-0.55%,0.01%,-0.05,"79,184",136,"1,479"
2026-09-29 10:32:39,ALLSHR,OCTOPUS,Octopus Digital Limited,28.51,28.29,-0.22,-0.77%,0.02%,-0.21,"79,073",158,"4,476"
2026-09-29 10:32:39,ALLSHR,FTSM,First Tri-Star Modaraba,42.94,45.26,2.32,5.40%,0.01%,0.29,"78,176",21,958
2026-09-29 10:32:39,ALLSHR,EPCLPS,Engro Poly(Pref),14.22,14.02,-0.20,-1.41%,0.02%,-0.35,"77,656",300,"4,206"
2026-09-29 10:32:39,ALLSHR,ARUJNC,Aruj Industries Limited,9.67,9.50,-0.17,-1.76%,0.00%,-0.01,"75,690",10,99
2026-09-29 10:32:39,ALLSHR,PNSC,Pakistan National Shipping Corporation,561.19,565.00,3.81,0.68%,0.59%,4.45,"72,925",198,"111,924"
2026-09-29 10:32:39,ALLSHR,CSAP,Crescent Steel & Allied Products Limited,92.00,91.00,-1.00,-1.09%,0.04%,-0.46,"69,989",78,"7,065"
2026-09-29 10:32:39,ALLSHR,GHGL,Ghani Glass Limited,39.80,39.80,0.00,0.00%,0.21%,0.00,"68,856","1,000","39,789"
2026-09-29 10:32:39,ALLSHR,NEXT,Next Capital Limited,14.11,14.19,0.08,0.57%,0.00%,0.03,"67,751",57,808
2026-09-29 10:32:39,ALLSHR,TATM,Tata Textile Mills Limited,158.07,157.88,-0.19,-0.12%,0.05%,-0.06,"66,737",56,"8,840"
2026-09-29 10:32:39,ALLSHR,ASHT,Ashfaq Textile Mills Limited,54.07,54.51,0.44,0.81%,0.01%,0.12,"66,000",47,"2,538"
2026-09-29 10:32:39,ALLSHR,786,786 Investments Limited,21.21,21.11,-0.10,-0.47%,0.00%,-0.01,"65,265",20,421
2026-09-29 10:32:39,ALLSHR,ECOP,Ecopack Limited,49.79,49.48,-0.31,-0.62%,0.01%,-0.09,"64,951",48,"2,388"
2026-09-29 10:32:39,ALLSHR,IMAGE,Image Pakistan Limited,25.69,25.80,0.11,0.43%,0.03%,0.15,"64,269",230,"5,944"
2026-09-29 10:32:39,KSE30,KEL,K-Electric Limited,6.06,6.10,0.04,0.66%,0.48%,1.57,"34,640,017","2,762","16,845"
2026-09-29 10:32:39,KSE30,BOP,The Bank of Punjab,30.52,30.38,-0.14,-0.46%,1.19%,-2.75,"5,517,941","1,382","41,989"
2026-09-29 10:32:39,KSE30,MLCF,Maple Leaf Cement Factory Limited,93.54,92.75,-0.79,-0.84%,1.24%,-5.30,"4,825,945",471,"43,723"
2026-09-29 10:32:39,KSE30,SEARL,The Searle Company Limited,81.16,80.12,-1.04,-1.28%,0.67%,-4.35,"3,760,185",294,"23,564"
2026-09-29 10:32:39,KSE30,NRL,National Refinery Limited,567.18,580.00,12.82,2.26%,0.43%,4.80,"3,733,889",26,"15,263"
2026-09-29 10:32:39,KSE30,PPL,Pakistan Petroleum Limited,231.01,227.48,-3.53,-1.53%,4.33%,-33.62,"2,741,323",670,"152,300"
2026-09-29 10:32:39,KSE30,NBP,National Bank of Pakistan,165.19,164.85,-0.34,-0.21%,2.39%,-2.47,"2,585,211",510,"84,095"
2026-09-29 10:32:39,KSE30,FCCLXD,Fauji Cement Company Limited,53.01,52.33,-0.68,-1.28%,1.28%,-8.30,"1,728,984",858,"44,925"
2026-09-29 10:32:39,KSE30,HBL,Habib Bank Limited,304.21,301.60,-2.61,-0.86%,5.03%,-21.78,"1,609,683",587,"176,961"
2026-09-29 10:32:39,KSE30,PAEL,Pak Elektron Limited,35.74,35.50,-0.24,-0.67%,0.51%,-1.73,"1,466,520",508,"18,034"
2026-09-29 10:32:39,KSE30,DGKC,D.G. Khan Cement Company Limited,192.09,192.50,0.41,0.21%,1.20%,1.28,"1,338,840",219,"42,169"
2026-09-29 10:32:39,KSE30,HUBC,The Hub Power Company Limited,202.86,202.12,-0.74,-0.36%,5.59%,-10.24,"1,302,710",973,"196,636"
2026-09-29 10:32:39,KSE30,SNGP,Sui Northern Gas Pipelines Limited,92.81,92.00,-0.81,-0.87%,0.66%,-2.92,"1,237,887",254,"23,339"
2026-09-29 10:32:39,KSE30,PSO,Pakistan State Oil Company Limited,355.24,351.50,-3.74,-1.05%,2.35%,-12.49,"1,233,363",235,"82,510"
2026-09-29 10:32:39,KSE30,OGDC,Oil & Gas Development Company Limited,318.69,317.79,-0.90,-0.28%,5.83%,-8.26,"1,215,923",645,"205,019"
2026-09-29 10:32:39,KSE30,SYS,Systems Limited,119.16,118.00,-1.16,-0.97%,3.21%,-15.80,"760,224",958,"113,010"
2026-09-29 10:32:39,KSE30,FATIMA,Fatima Fertilizer Company Limited,143.35,142.90,-0.45,-0.31%,1.28%,-2.02,"613,428",315,"45,014"
2026-09-29 10:32:39,KSE30,ATRL,Attock Refinery Limited,"1,177.12","1,180.00",2.88,0.25%,1.43%,1.75,"513,741",43,"50,323"
2026-09-29 10:32:39,KSE30,MCB,MCB Bank Limited,390.01,389.00,-1.01,-0.26%,4.59%,-5.96,"505,688",415,"161,346"
2026-09-29 10:32:39,KSE30,ENGROH,Engro Holdings Limited,263.49,262.50,-0.99,-0.38%,6.74%,-12.72,"439,748",903,"237,083"
2026-09-29 10:32:39,KSE30,MEBL,Meezan Bank Limited,549.23,551.35,2.12,0.39%,7.06%,13.58,"431,821",450,"248,184"
2026-09-29 10:32:39,KSE30,LUCKXD,Lucky Cement Limited,412.57,411.50,-1.07,-0.26%,5.14%,-6.69,"420,709",440,"180,854"
2026-09-29 10:32:39,KSE30,PTC,Pakistan Telecommunication Company Ltd,61.26,60.60,-0.66,-1.08%,1.02%,-5.57,"399,714",593,"35,956"
2026-09-29 10:32:39,KSE30,FFC,Fauji Fertilizer Company Limited,542.51,539.95,-2.56,-0.47%,12.15%,-28.82,"374,103",791,"427,350"
2026-09-29 10:32:39,KSE30,BAFL,Bank Alfalah Limited,56.93,56.41,-0.52,-0.91%,2.28%,-10.50,"371,675","1,419","80,071"
2026-09-29 10:32:39,KSE30,MARI,Mari Energies Limited,635.09,629.96,-5.13,-0.81%,4.30%,-17.52,"335,783",240,"151,269"
2026-09-29 10:32:39,KSE30,UBL,United Bank Limited,424.18,420.50,-3.68,-0.87%,10.48%,-45.88,"269,499",876,"368,563"
2026-09-29 10:32:39,KSE30,POL,Pakistan Oilfields Limited,752.44,750.99,-1.45,-0.19%,2.78%,-2.68,"267,964",130,"97,616"
2026-09-29 10:32:39,KSE30,EFERT,Engro Fertilizers Limited,193.96,192.75,-1.21,-0.62%,3.29%,-10.34,"262,542",601,"115,821"
2026-09-29 10:32:39,KSE30,SAZEWXD,Sazgar Engineering Works Limited,"1,724.89","1,708.00",-16.89,-0.98%,1.03%,-5.08,"49,146",21,"36,135"
2026-09-29 10:32:39,KMI30,PRL,Pakistan Refinery Limited,94.33,92.56,-1.77,-1.88%,0.88%,-39.63,"19,681,748",240,"22,248"
2026-09-29 10:32:39,KMI30,MLCF,Maple Leaf Cement Factory Limited,93.54,92.75,-0.79,-0.84%,1.82%,-36.68,"4,825,945",499,"46,238"
2026-09-29 10:32:39,KMI30,SEARL,The Searle Company Limited,81.16,80.12,-1.04,-1.28%,0.98%,-30.13,"3,760,185",311,"24,920"
2026-09-29 10:32:39,KMI30,NRL,National Refinery Limited,567.18,580.00,12.82,2.26%,0.64%,33.23,"3,733,889",28,"16,140"
2026-09-29 10:32:39,KMI30,PPL,Pakistan Petroleum Limited,231.01,227.48,-3.53,-1.53%,6.36%,-232.77,"2,741,323",708,"161,054"
2026-09-29 10:32:39,KMI30,AIRLINK,Air Link Communication Limited,127.90,124.06,-3.84,-3.00%,0.61%,-44.85,"2,462,529",125,"15,558"
2026-09-29 10:32:39,KMI30,SSGC,Sui Southern Gas Company Limited,24.12,23.81,-0.31,-1.28%,0.33%,-10.29,"2,343,349",356,"8,482"
2026-09-29 10:32:39,KMI30,FCCLXD,Fauji Cement Company Limited,53.01,52.33,-0.68,-1.28%,1.88%,-57.50,"1,728,984",908,"47,510"
2026-09-29 10:32:39,KMI30,PAEL,Pak Elektron Limited,35.74,35.50,-0.24,-0.67%,0.75%,-12.01,"1,466,520",537,"19,072"
2026-09-29 10:32:39,KMI30,DGKC,D.G. Khan Cement Company Limited,192.09,192.50,0.41,0.21%,1.76%,8.85,"1,338,840",232,"44,595"
2026-09-29 10:32:39,KMI30,HUBC,The Hub Power Company Limited,202.86,202.12,-0.74,-0.36%,8.21%,-70.91,"1,302,710","1,029","207,949"
2026-09-29 10:32:39,KMI30,SNGP,Sui Northern Gas Pipelines Limited,92.81,92.00,-0.81,-0.87%,0.97%,-20.24,"1,237,887",268,"24,682"
2026-09-29 10:32:39,KMI30,PSO,Pakistan State Oil Company Limited,355.24,351.50,-3.74,-1.05%,3.44%,-86.47,"1,233,363",248,"87,257"
2026-09-29 10:32:39,KMI30,TREET,Treet Corporation Limited,22.77,22.63,-0.14,-0.61%,0.18%,-2.56,"1,220,298",196,"4,440"
2026-09-29 10:32:39,KMI30,OGDC,Oil & Gas Development Company Limited,318.69,317.79,-0.90,-0.28%,8.56%,-57.19,"1,215,923",682,"216,815"
2026-09-29 10:32:39,KMI30,SYS,Systems Limited,119.16,118.00,-1.16,-0.97%,4.35%,-101.01,"760,224",935,"110,319"
2026-09-29 10:32:39,KMI30,FFL,Fauji Foods Limited,14.86,14.80,-0.06,-0.40%,0.31%,-2.98,"632,083",533,"7,888"
2026-09-29 10:32:39,KMI30,GAL,Ghandhara Automobiles Limited,537.23,543.50,6.27,1.17%,0.52%,14.08,"518,960",24,"13,105"
2026-09-29 10:32:39,KMI30,ATRL,Attock Refinery Limited,"1,177.12","1,180.00",2.88,0.25%,2.10%,12.10,"513,741",45,"53,218"
2026-09-29 10:32:39,KMI30,NML,Nishat Mills Limited,133.09,131.49,-1.60,-1.20%,0.87%,-24.93,"511,828",167,"22,001"
2026-09-29 10:32:39,KMI30,ENGROH,Engro Holdings Limited,263.49,262.50,-0.99,-0.38%,10.55%,-93.94,"439,748","1,019","267,439"
2026-09-29 10:32:39,KMI30,MEBL,Meezan Bank Limited,549.23,551.35,2.12,0.39%,10.36%,94.00,"431,821",476,"262,463"
2026-09-29 10:32:39,KMI30,LUCKXD,Lucky Cement Limited,412.57,411.50,-1.07,-0.26%,7.55%,-46.32,"420,709",465,"191,260"
2026-09-29 10:32:39,KMI30,FFC,Fauji Fertilizer Company Limited,542.51,539.95,-2.56,-0.47%,12.06%,-134.89,"374,103",566,"305,474"
2026-09-29 10:32:39,KMI30,MARI,Mari Energies Limited,635.09,629.96,-5.13,-0.81%,6.31%,-121.33,"335,783",254,"159,972"
2026-09-29 10:32:39,KMI30,EFERT,Engro Fertilizers Limited,193.96,192.75,-1.21,-0.62%,4.83%,-71.61,"262,542",635,"122,484"
2026-09-29 10:32:39,KMI30,GHNI,Ghandhara Industries Limited,"1,074.75","1,061.50",-13.25,-1.23%,0.66%,-19.46,"144,973",16,"16,741"
2026-09-29 10:32:39,KMI30,HCAR,Honda Atlas Cars (Pakistan) Limited,218.18,217.35,-0.83,-0.38%,0.26%,-2.33,"135,017",30,"6,565"
2026-09-29 10:32:39,KMI30,CPHL,Citi Pharma Ltd.,73.82,73.07,-0.75,-1.02%,0.38%,-9.28,"98,960",133,"9,710"
2026-09-29 10:32:39,KMI30,SAZEWXD,Sazgar Engineering Works Limited,"1,724.89","1,708.00",-16.89,-0.98%,1.51%,-35.20,"49,146",22,"38,214"
2026-09-29 10:32:39,BKTI,BOP,The Bank of Punjab,30.52,30.38,-0.14,-0.46%,3.26%,-8.05,"5,517,941","1,382","41,989"
2026-09-29 10:32:39,BKTI,NBP,National Bank of Pakistan,165.19,164.85,-0.34,-0.21%,6.53%,-7.21,"2,585,211",510,"84,095"
2026-09-29 10:32:39,BKTI,HBL,Habib Bank Limited,304.21,301.60,-2.61,-0.86%,13.74%,-63.69,"1,609,683",587,"176,961"
2026-09-29 10:32:39,BKTI,MCB,MCB Bank Limited,390.01,389.00,-1.01,-0.26%,12.53%,-17.42,"505,688",415,"161,346"
2026-09-29 10:32:39,BKTI,MEBL,Meezan Bank Limited,549.23,551.35,2.12,0.39%,19.27%,39.69,"431,821",450,"248,184"
2026-09-29 10:32:39,BKTI,BAFL,Bank Alfalah Limited,56.93,56.41,-0.52,-0.91%,6.22%,-30.70,"371,675","1,419","80,071"
2026-09-29 10:32:39,BKTI,BAHL,Bank AL Habib Limited,151.50,151.98,0.48,0.32%,9.84%,16.64,"311,721",834,"126,686"
2026-09-29 10:32:39,BKTI,UBL,United Bank Limited,424.18,420.50,-3.68,-0.87%,28.62%,-134.15,"269,499",876,"368,563"
2026-09-29 10:32:39,OGTI,PPL,Pakistan Petroleum Limited,231.01,227.48,-3.53,-1.53%,29.95%,-150.95,"2,741,323",670,"152,300"
2026-09-29 10:32:39,OGTI,OGDC,Oil & Gas Development Company Limited,318.69,317.79,-0.90,-0.28%,40.31%,-37.08,"1,215,923",645,"205,019"
2026-09-29 10:32:39,OGTI,MARI,Mari Energies Limited,635.09,629.96,-5.13,-0.81%,29.74%,-78.68,"335,783",240,"151,269"
2026-09-29 10:32:39,KMIALLSHR,CNERGY,Cnergyico PK Limited,13.32,13.08,-0.24,-1.80%,0.58%,-7.94,"56,285,129","5,493","71,854"
2026-09-29 10:32:39,KMIALLSHR,TISL,Tasdeeq Information Services Limited,4.95,5.22,0.27,5.46%,0.04%,1.54,"56,045,267",950,"4,959"
2026-09-29 10:32:39,KMIALLSHR,KEL,K-Electric Limited,6.06,6.10,0.04,0.66%,1.37%,6.65,"34,640,017","27,615","168,453"
2026-09-29 10:32:39,KMIALLSHR,SGPL,S.G. Power Limited,23.14,25.25,2.11,9.12%,0.01%,0.91,"29,842,425",71,"1,801"
2026-09-29 10:32:39,KMIALLSHR,PRL,Pakistan Refinery Limited,94.33,92.56,-1.77,-1.88%,0.47%,-6.71,"19,681,748",630,"58,313"
2026-09-29 10:32:39,KMIALLSHR,LOTCHEM,Lotte Chemical Pakistan Limited,25.93,27.49,1.56,6.02%,0.34%,14.22,"13,590,161","1,514","41,626"
2026-09-29 10:32:39,KMIALLSHR,PREMA,At-Tahur Limited,32.04,35.24,3.20,9.99%,0.06%,4.21,"9,349,913",219,"7,705"
2026-09-29 10:32:39,KMIALLSHR,GDL,Ghani Dairies Limited,17.97,18.65,0.68,3.78%,0.06%,1.76,"8,969,953",429,"8,005"
2026-09-29 10:32:39,KMIALLSHR,BBFL,Big Bird Foods Limited,39.00,37.45,-1.55,-3.97%,0.09%,-2.79,"7,952,746",299,"11,194"
2026-09-29 10:32:39,KMIALLSHR,PIBTL,Pakistan International Bulk Terminal,14.94,14.57,-0.37,-2.48%,0.21%,-3.98,"7,162,882","1,786","26,023"
2026-09-29 10:32:39,KMIALLSHR,MLCF,Maple Leaf Cement Factory Limited,93.54,92.75,-0.79,-0.84%,0.79%,-4.98,"4,825,945","1,048","97,161"
2026-09-29 10:32:39,KMIALLSHR,STL,Supernet Technologies Limited,24.48,24.75,0.27,1.10%,0.04%,0.32,"4,069,456",199,"4,928"
2026-09-29 10:32:39,KMIALLSHR,SEARL,The Searle Company Limited,81.16,80.12,-1.04,-1.28%,0.38%,-3.68,"3,760,185",588,"47,128"
2026-09-29 10:32:39,KMIALLSHR,NRL,National Refinery Limited,567.18,580.00,12.82,2.26%,0.38%,6.17,"3,733,889",80,"46,381"
2026-09-29 10:32:39,KMIALLSHR,GCIL,Ghani Chemical Industries Limited,32.22,31.80,-0.42,-1.30%,0.15%,-1.44,"3,628,047",570,"18,140"
2026-09-29 10:32:39,KMIALLSHR,FPJM,First Punjab Modaraba,24.00,26.40,2.40,10.00%,0.01%,0.49,"3,316,573",34,898
2026-09-29 10:32:39,KMIALLSHR,DNCC,Dandot Cement Company Limited,20.35,19.45,-0.90,-4.42%,0.05%,-1.71,"3,063,390",316,"6,153"
2026-09-29 10:32:39,KMIALLSHR,DCL,Dewan Cement Limited,9.86,9.40,-0.46,-4.66%,0.04%,-1.51,"3,028,954",544,"5,115"
2026-09-29 10:32:39,KMIALLSHR,TPLRF1,TPL REIT Fund I,9.24,9.20,-0.04,-0.43%,0.14%,-0.44,"2,851,945","1,835","16,882"
2026-09-29 10:32:39,KMIALLSHR,ASL,Aisha Steel Mills Limited,16.55,16.75,0.20,1.21%,0.13%,1.12,"2,804,545",931,"15,591"
2026-09-29 10:32:39,KMIALLSHR,PPL,Pakistan Petroleum Limited,231.01,227.48,-3.53,-1.53%,5.02%,-57.82,"2,741,323","2,721","618,966"
2026-09-29 10:32:39,KMIALLSHR,BECO,Beco Steel Limited,4.41,4.38,-0.03,-0.68%,0.04%,-0.23,"2,574,029","1,250","5,473"
2026-09-29 10:32:39,KMIALLSHR,AIRLINK,Air Link Communication Limited,127.90,124.06,-3.84,-3.00%,0.40%,-9.14,"2,462,529",395,"49,037"
2026-09-29 10:32:39,KMIALLSHR,SSGC,Sui Southern Gas Company Limited,24.12,23.81,-0.31,-1.28%,0.17%,-1.64,"2,343,349",881,"20,975"
2026-09-29 10:32:39,KMIALLSHR,SELECT,Select Technologies Limited,31.33,31.00,-0.33,-1.05%,0.22%,-1.77,"2,246,440",889,"27,556"
2026-09-29 10:32:39,KMIALLSHR,POWER,Power Cement Limited,22.09,22.27,0.18,0.82%,0.23%,1.40,"2,076,049","1,291","28,740"
2026-09-29 10:32:39,KMIALLSHR,NETSOL,NetSol Technologies Limited,124.21,120.49,-3.72,-2.99%,0.09%,-2.01,"2,054,118",90,"10,824"
2026-09-29 10:32:39,KMIALLSHR,FCL,Fast Cables Limited,27.54,27.30,-0.24,-0.87%,0.14%,-0.93,"1,980,516",645,"17,597"
2026-09-29 10:32:39,KMIALLSHR,SPSL,Sitara Petroleum Service Limited,16.17,16.14,-0.03,-0.19%,0.22%,-0.30,"1,939,590","1,680","27,114"
2026-09-29 10:32:39,KMIALLSHR,WAVES,Waves Corporation Limited,9.01,9.03,0.02,0.22%,0.02%,0.03,"1,934,142",281,"2,541"
2026-09-29 10:32:39,KMIALLSHR,FCCLXD,Fauji Cement Company Limited,53.01,52.33,-0.68,-1.28%,1.04%,-10.04,"1,728,984","2,453","128,357"
2026-09-29 10:32:39,KMIALLSHR,NRSL,Nimir Resins Limited,36.13,36.80,0.67,1.85%,0.04%,0.57,"1,641,997",141,"5,201"
2026-09-29 10:32:39,KMIALLSHR,PAEL,Pak Elektron Limited,35.74,35.50,-0.24,-0.67%,0.27%,-1.33,"1,466,520",924,"32,790"
2026-09-29 10:32:39,KMIALLSHR,DFSM,Dewan Farooque Spinning Mills Limited,13.01,14.31,1.30,9.99%,0.01%,0.76,"1,444,319",98,"1,399"
2026-09-29 10:32:39,KMIALLSHR,DSLNC,Dost Steels Limited,4.54,4.30,-0.24,-5.29%,0.02%,-0.64,"1,428,493",445,"1,912"
2026-09-29 10:32:39,KMIALLSHR,DGKC,D.G. Khan Cement Company Limited,192.09,192.50,0.41,0.21%,0.68%,1.08,"1,338,840",438,"84,338"
2026-09-29 10:32:39,KMIALLSHR,HUBC,The Hub Power Company Limited,202.86,202.12,-0.74,-0.36%,2.13%,-5.78,"1,302,710","1,297","262,181"
2026-09-29 10:32:39,KMIALLSHR,UNITY,Unity Foods Limited,8.02,8.06,0.04,0.50%,0.08%,0.29,"1,291,479","1,194","9,624"
2026-09-29 10:32:39,KMIALLSHR,MFL,Matco Foods Limited,45.85,45.30,-0.55,-1.20%,0.04%,-0.41,"1,238,465",122,"5,545"
2026-09-29 10:32:39,KMIALLSHR,SNGP,Sui Northern Gas Pipelines Limited,92.81,92.00,-0.81,-0.87%,0.47%,-3.09,"1,237,887",634,"58,348"
2026-09-29 10:32:39,KMIALLSHR,PSO,Pakistan State Oil Company Limited,355.24,351.50,-3.74,-1.05%,1.34%,-10.57,"1,233,363",469,"165,020"
2026-09-29 10:32:39,KMIALLSHR,TREET,Treet Corporation Limited,22.77,22.63,-0.14,-0.61%,0.07%,-0.31,"1,220,298",371,"8,396"
2026-09-29 10:32:39,KMIALLSHR,OGDC,Oil & Gas Development Company Limited,318.69,317.79,-0.90,-0.28%,11.09%,-23.30,"1,215,923","4,301","1,366,792"
2026-09-29 10:32:39,KMIALLSHR,BNL,Bunnys Limited,5.72,5.56,-0.16,-2.80%,0.03%,-0.64,"1,180,122",668,"3,714"
2026-09-29 10:32:39,KMIALLSHR,GGL,Ghani Global Holdings Limited,20.47,19.90,-0.57,-2.78%,0.06%,-1.22,"1,087,670",354,"7,047"
2026-09-29 10:32:39,KMIALLSHR,MWMP,Mandviwala Mauser Plastic Industries,85.86,84.99,-0.87,-1.01%,0.02%,-0.15,"1,017,085",29,"2,443"
2026-09-29 10:32:39,KMIALLSHR,FCEPL,Frieslandcampina Engro Pakistan Limited,135.42,137.75,2.33,1.72%,0.86%,10.75,"887,866",767,"105,599"
2026-09-29 10:32:39,KMIALLSHR,ITANZ,Itanz Technologies Limited,33.91,33.56,-0.35,-1.03%,0.03%,-0.25,"887,081",119,"3,980"
2026-09-29 10:32:39,KMIALLSHR,SLGL,Secure Logistics-Trax Group Limited,14.01,13.99,-0.02,-0.14%,0.05%,-0.05,"865,808",422,"5,901"
2026-09-29 10:32:39,KMIALLSHR,TELE,Telecard Limited,7.80,7.78,-0.02,-0.26%,0.02%,-0.04,"825,976",339,"2,635"
2026-09-29 10:32:39,KMIALLSHR,SLM,Service Long March Tyres Limited,22.88,22.87,-0.01,-0.04%,1.45%,-0.47,"796,492","7,795","178,266"
2026-09-29 10:32:39,KMIALLSHR,THCCL,Thatta Cement Company Limited,75.01,74.55,-0.46,-0.61%,0.30%,-1.38,"777,376",499,"37,170"
2026-09-29 10:32:39,KMIALLSHR,SYS,Systems Limited,119.16,118.00,-1.16,-0.97%,1.41%,-10.29,"760,224","1,473","173,862"
2026-09-29 10:32:39,KMIALLSHR,LOADS,Loads Limited,12.56,12.30,-0.26,-2.07%,0.04%,-0.58,"734,874",371,"4,566"
2026-09-29 10:32:39,KMIALLSHR,SYM,Symmetry Group Limited,12.61,12.98,0.37,2.93%,0.03%,0.64,"718,715",285,"3,702"
2026-09-29 10:32:39,KMIALLSHR,QUICE,Quice Food Industries Limited,30.49,30.39,-0.10,-0.33%,0.02%,-0.06,"712,922",98,"2,992"
2026-09-29 10:32:39,KMIALLSHR,CLOV,Clover Pakistan Limited,6.87,6.78,-0.09,-1.31%,0.02%,-0.21,"712,777",389,"2,639"
2026-09-29 10:32:39,KMIALLSHR,BLUEX,Blue-Ex Limited,6.00,5.94,-0.06,-1.00%,0.01%,-0.10,"708,569",284,"1,689"
2026-09-29 10:32:39,KMIALLSHR,TOMCL,The Organic Meat Company Limited,33.09,32.82,-0.27,-0.82%,0.05%,-0.32,"694,139",196,"6,444"
2026-09-29 10:32:39,KMIALLSHR,MACFL,MACPAC Films Limited,70.30,70.25,-0.05,-0.07%,0.03%,-0.02,"684,498",59,"4,166"
2026-09-29 10:32:39,KMIALLSHR,FFL,Fauji Foods Limited,14.86,14.80,-0.06,-0.40%,0.30%,-0.91,"632,083","2,520","37,295"
2026-09-29 10:32:39,KMIALLSHR,FATIMA,Fatima Fertilizer Company Limited,143.35,142.90,-0.45,-0.31%,2.43%,-5.69,"613,428","2,100","300,090"
2026-09-29 10:32:39,KMIALLSHR,KOHC,Kohat Cement Company Limited,89.93,88.06,-1.87,-2.08%,0.66%,-10.35,"603,871",919,"80,954"
2026-09-29 10:32:39,KMIALLSHR,GAL,Ghandhara Automobiles Limited,537.23,543.50,6.27,1.17%,0.25%,2.15,"518,960",57,"30,981"
2026-09-29 10:32:39,KMIALLSHR,ATRL,Attock Refinery Limited,"1,177.12","1,180.00",2.88,0.25%,1.02%,1.85,"513,741",107,"125,807"
2026-09-29 10:32:39,KMIALLSHR,NML,Nishat Mills Limited,133.09,131.49,-1.60,-1.20%,0.38%,-3.39,"511,828",352,"46,232"
2026-09-29 10:32:39,KMIALLSHR,WASL,Wasl Mobility Modaraba,5.73,5.76,0.03,0.52%,0.01%,0.03,"508,483",161,926
2026-09-29 10:32:39,KMIALLSHR,ZAL,Zarea Limited,40.67,40.60,-0.07,-0.17%,0.09%,-0.11,"479,575",263,"10,658"
2026-09-29 10:32:39,KMIALLSHR,ARCTM,Arctic Textile Mills Limited,53.90,52.70,-1.20,-2.23%,0.01%,-0.10,"467,005",13,694
2026-09-29 10:32:39,KMIALLSHR,SHDT,Shadab Textile Mills Limited,49.78,52.46,2.68,5.38%,0.01%,0.37,"453,560",23,"1,199"
2026-09-29 10:32:39,KMIALLSHR,ENGROH,Engro Holdings Limited,263.49,262.50,-0.99,-0.38%,2.56%,-7.18,"439,748","1,204","316,111"
2026-09-29 10:32:39,KMIALLSHR,MEBL,Meezan Bank Limited,549.23,551.35,2.12,0.39%,8.08%,23.06,"431,821","1,807","996,343"
2026-09-29 10:32:39,KMIALLSHR,LUCKXD,Lucky Cement Limited,412.57,411.50,-1.07,-0.26%,4.89%,-9.44,"420,709","1,465","602,848"
2026-09-29 10:32:39,KMIALLSHR,WAHDAT,Wahdat Poultry Farm Limited,14.87,15.10,0.23,1.55%,0.04%,0.46,"412,321",335,"5,062"
2026-09-29 10:32:39,KMIALLSHR,IPAK,International Packaging Films Limited,36.16,35.87,-0.29,-0.80%,0.21%,-1.28,"410,821",735,"26,372"
2026-09-29 10:32:39,KMIALLSHR,UDLI,UDL International Limited,16.72,16.51,-0.21,-1.26%,0.00%,-0.04,"406,492",35,580
2026-09-29 10:32:39,KMIALLSHR,GATM,Gul Ahmed Textile Mills Limited,20.59,20.62,0.03,0.15%,0.12%,0.13,"387,341",740,"15,260"
2026-09-29 10:32:39,KMIALLSHR,GCWL,Ghani Chemworld Limited,13.60,13.37,-0.23,-1.69%,0.03%,-0.35,"381,734",250,"3,344"
2026-09-29 10:32:39,KMIALLSHR,AVN,Avanceon Limited,28.47,28.05,-0.42,-1.47%,0.10%,-1.09,"377,678",430,"12,052"
2026-09-29 10:32:39,KMIALLSHR,FFC,Fauji Fertilizer Company Limited,542.51,539.95,-2.56,-0.47%,6.30%,-22.18,"374,103","1,439","777,001"
2026-09-29 10:32:39,KMIALLSHR,ASTM,Asim Textile Mills Limited,94.18,103.60,9.42,10.00%,0.01%,0.86,"343,403",15,"1,572"
2026-09-29 10:32:39,KMIALLSHR,QTECH,Quantum Data Technologies Limited,37.96,36.60,-1.36,-3.58%,0.04%,-1.00,"342,300",122,"4,450"
2026-09-29 10:32:39,KMIALLSHR,MARI,Mari Energies Limited,635.09,629.96,-5.13,-0.81%,6.14%,-37.08,"335,783","1,201","756,344"
2026-09-29 10:32:39,KMIALLSHR,ITTEFAQ,Ittefaq Iron Industries Limited,8.25,8.07,-0.18,-2.18%,0.01%,-0.16,"323,156",144,"1,165"
2026-09-29 10:32:39,KMIALLSHR,DCR,Dolmen City REIT,39.19,39.00,-0.19,-0.48%,0.70%,-2.54,"310,662","2,224","86,724"
2026-09-29 10:32:39,KMIALLSHR,GGGL,Ghani Global Glass Limited,7.78,7.58,-0.20,-2.57%,0.01%,-0.29,"306,250",240,"1,819"
2026-09-29 10:32:39,KMIALLSHR,TRSM,Trust Modaraba,13.60,13.64,0.04,0.29%,0.00%,0.01,"300,424",30,406
2026-09-29 10:32:39,KMIALLSHR,ASCNC,Al Shaheer Corporation Limited,8.60,8.41,-0.19,-2.21%,0.03%,-0.43,"278,050",375,"3,153"
2026-09-29 10:32:39,KMIALLSHR,EFERT,Engro Fertilizers Limited,193.96,192.75,-1.21,-0.62%,2.09%,-9.73,"262,542","1,335","257,379"
2026-09-29 10:32:39,KMIALLSHR,SRVI,Service Industries Limited,179.30,178.10,-1.20,-0.67%,0.68%,-3.39,"241,217",470,"83,685"
2026-09-29 10:32:39,KMIALLSHR,SOYASUP,Agro Processors & Atmospheric Gases Ltd,30.71,31.40,0.69,2.25%,0.10%,1.61,"213,017",387,"12,152"
2026-09-29 10:32:39,KMIALLSHR,KOHE,Kohinoor Energy Limited,15.16,14.99,-0.17,-1.12%,0.02%,-0.17,"212,200",169,"2,540"
2026-09-29 10:32:39,KMIALLSHR,FEROZ,Ferozsons Laboratories Limited,325.07,350.00,24.93,7.67%,0.12%,6.52,"209,515",43,"15,214"
2026-09-29 10:32:39,KMIALLSHR,JVDCXD,Javedan Corporation Limited,138.34,137.90,-0.44,-0.32%,0.43%,-1.01,"208,775",381,"52,521"
2026-09-29 10:32:39,KMIALLSHR,ILP,Interloop Limited,97.63,98.00,0.37,0.38%,1.11%,3.12,"207,501","1,402","137,368"
2026-09-29 10:32:39,KMIALLSHR,LEUL,Leather Up Limited,75.61,74.99,-0.62,-0.82%,0.00%,-0.02,"199,450",6,450
2026-09-29 10:32:39,KMIALLSHR,NNAR,Naya Nazimabad Apartment REIT,22.95,22.79,-0.16,-0.70%,0.05%,-0.28,"184,450",294,"6,695"
2026-09-29 10:32:39,KMIALLSHR,ORM,Orient Rental Mod,11.51,11.35,-0.16,-1.39%,0.01%,-0.07,"175,559",75,851
2026-09-29 10:32:39,KMIALLSHR,BERG,Berger Paints Pakistan Limited,118.40,119.65,1.25,1.06%,0.02%,0.18,"163,277",25,"2,938"
2026-09-29 10:32:39,KMIALLSHR,RPL,Roshan Packages Limited,15.59,15.50,-0.09,-0.58%,0.02%,-0.08,"146,528",142,"2,199"
2026-09-29 10:32:39,KMIALLSHR,FANM,First Al-Noor Modaraba,9.83,9.86,0.03,0.31%,0.00%,0.00,"144,991",23,228
2026-09-29 10:32:39,KMIALLSHR,GHNI,Ghandhara Industries Limited,"1,074.75","1,061.50",-13.25,-1.23%,0.37%,-3.40,"144,973",43,"45,229"
2026-09-29 10:32:39,KMIALLSHR,EPCL,Engro Polymer & Chemicals Limited,32.63,32.76,0.13,0.40%,0.24%,0.71,"136,472",909,"29,776"
2026-09-29 10:32:39,KMIALLSHR,HCAR,Honda Atlas Cars (Pakistan) Limited,218.18,217.35,-0.83,-0.38%,0.25%,-0.71,"135,017",143,"31,038"
2026-09-29 10:32:39,KMIALLSHR,BUXL,Buxly Paints Limited,479.71,527.68,47.97,10.00%,0.01%,0.42,"132,924",1,760
2026-09-29 10:32:39,KMIALLSHR,FHAM,First Habib Modaraba,31.00,31.40,0.40,1.29%,0.03%,0.27,"131,242",111,"3,480"
2026-09-29 10:32:39,KMIALLSHR,KTML,Kohinoor Textile Mills Limited,41.31,41.00,-0.31,-0.75%,0.45%,-2.51,"130,797","1,346","55,206"
2026-09-29 10:32:39,KMIALLSHR,CEPB,Century Paper & Board Mills Limited,26.16,25.79,-0.37,-1.41%,0.08%,-0.89,"124,880",402,"10,360"
2026-09-29 10:32:39,KMIALLSHR,MERIT,Merit Packaging Limited,9.39,9.30,-0.09,-0.96%,0.02%,-0.11,"115,649",200,"1,860"
2026-09-29 10:32:39,KMIALLSHR,EMCO,Emco Industries Limited,35.74,34.00,-1.74,-4.87%,0.01%,-0.37,"113,933",35,"1,190"
2026-09-29 10:32:39,KMIALLSHR,ZTL,Zephyr Textiles Limited,15.51,14.79,-0.72,-4.64%,0.01%,-0.26,"113,728",59,879
2026-09-29 10:32:39,KMIALLSHR,IREITXD,Image REIT,7.92,7.94,0.02,0.25%,0.02%,0.03,"111,893",276,"2,190"
2026-09-29 10:32:39,KMIALLSHR,MUGHAL,Mughal Iron & Steel Industries Limited,70.03,69.83,-0.20,-0.29%,0.19%,-0.40,"107,094",336,"23,437"
2026-09-29 10:32:39,KMIALLSHR,PICT,Pakistan International Container,49.37,48.04,-1.33,-2.69%,0.04%,-0.87,"106,408",109,"5,244"
2026-09-29 10:32:39,KMIALLSHR,BFBIO,BF Biosciences Limited,127.51,127.40,-0.11,-0.09%,0.09%,-0.06,"106,171",88,"11,254"
2026-09-29 10:32:39,KMIALLSHR,MTL,Millat Tractors Limited,299.07,297.65,-1.42,-0.47%,0.96%,-3.41,"104,040",399,"118,772"
2026-09-29 10:32:39,KMIALLSHR,FFLM,First Fidelity Leasing Modaraba,11.41,11.49,0.08,0.70%,0.00%,0.01,"101,471",26,303
2026-09-29 10:32:39,KMIALLSHR,SINDM,Sindh Modaraba,27.50,30.25,2.75,10.00%,0.01%,0.74,"101,389",45,"1,361"
2026-09-29 10:32:39,KMIALLSHR,HTL,Hi-Tech Lubricants Limited,37.89,37.70,-0.19,-0.50%,0.04%,-0.16,"99,680",139,"5,248"
2026-09-29 10:32:39,KMIALLSHR,CPHL,Citi Pharma Ltd.,73.82,73.07,-0.75,-1.02%,0.14%,-1.03,"98,960",228,"16,694"
2026-09-29 10:32:39,KMIALLSHR,FPRM,First Paramount Modaraba,11.71,11.51,-0.20,-1.71%,0.00%,-0.02,"95,551",21,238
2026-09-29 10:32:39,KMIALLSHR,PAKQATAR,Pak Qatar Family Takaful Limited,17.37,17.38,0.01,0.06%,0.03%,0.01,"94,257",231,"4,010"
2026-09-29 10:32:39,KMIALLSHR,BIPLXD,BankIslami Pakistan Limited,24.84,24.95,0.11,0.44%,0.22%,0.73,"90,116","1,109","27,662"
2026-09-29 10:32:39,KMIALLSHR,SSOM,S.S.Oil Mills Limited,446.88,491.57,44.69,10.00%,0.02%,1.52,"89,854",6,"2,781"
2026-09-29 10:32:39,KMIALLSHR,PIM,Popular Islamic Modaraba,49.46,54.22,4.76,9.62%,0.01%,0.57,"87,419",20,"1,084"
2026-09-29 10:32:39,KMIALLSHR,FABL,Faysal Bank Limited,93.94,93.72,-0.22,-0.23%,1.15%,-2.01,"86,420","1,518","142,239"
2026-09-29 10:32:39,KMIALLSHR,CPPL,Cherat Packaging Limited,101.73,102.00,0.27,0.27%,0.04%,0.08,"85,007",49,"5,008"
2026-09-29 10:32:39,KMIALLSHR,KOHTM,Kohat Textile Mills Limited,94.27,91.89,-2.38,-2.53%,0.02%,-0.30,"80,341",21,"1,911"
2026-09-29 10:32:39,KMIALLSHR,EPQL,Engro Powergen Qadirpur Limited,23.88,23.85,-0.03,-0.13%,0.06%,-0.06,"79,254",324,"7,723"
2026-09-29 10:32:39,KMIALLSHR,OCTOPUS,Octopus Digital Limited,28.51,28.29,-0.22,-0.77%,0.04%,-0.21,"79,073",158,"4,476"
2026-09-29 10:32:39,KMIALLSHR,FTSM,First Tri-Star Modaraba,42.94,45.26,2.32,5.40%,0.01%,0.30,"78,176",21,958
2026-09-29 10:32:39,KMIALLSHR,CSAP,Crescent Steel & Allied Products Limited,92.00,91.00,-1.00,-1.09%,0.06%,-0.47,"69,989",78,"7,065"
2026-09-29 10:32:39,KMIALLSHR,GHGL,Ghani Glass Limited,39.80,39.80,0.00,0.00%,0.32%,0.00,"68,856","1,000","39,789"
2026-09-29 10:32:39,KMIALLSHR,TATM,Tata Textile Mills Limited,158.07,157.88,-0.19,-0.12%,0.07%,-0.06,"66,737",56,"8,840"
2026-09-29 10:32:39,KMIALLSHR,ASHT,Ashfaq Textile Mills Limited,54.07,54.51,0.44,0.81%,0.02%,0.12,"66,000",47,"2,538"
2026-09-29 10:32:39,KMIALLSHR,ECOP,Ecopack Limited,49.79,49.48,-0.31,-0.62%,0.02%,-0.09,"64,951",48,"2,388"
2026-09-29 10:32:39,KMIALLSHR,IMAGE,Image Pakistan Limited,25.69,25.80,0.11,0.43%,0.05%,0.15,"64,269",230,"5,944"
2026-09-29 10:32:39,KMIALLSHR,ISLXD,International Steels Limited,80.49,80.70,0.21,0.26%,0.28%,0.55,"63,900",435,"35,105"
2026-09-29 10:32:39,KMIALLSHR,ANL,Azgard Nine Limited,9.15,9.25,0.10,1.09%,0.04%,0.29,"62,998",485,"4,490"
2026-09-29 10:32:39,KMIALLSHR,TGL,Tariq Glass Industries Limited,157.76,157.40,-0.36,-0.23%,0.22%,-0.37,"61,167",172,"27,099"
2026-09-29 10:32:39,KMIALLSHR,TOWL,Towellers Limited,128.39,123.00,-5.39,-4.20%,0.02%,-0.55,"60,927",17,"2,091"
2026-09-29 10:32:39,KMIALLSHR,PKGS,Packages Limited,714.41,702.20,-12.21,-1.71%,0.51%,-6.57,"60,566",89,"62,762"
2026-09-29 10:32:39,KMIALLSHR,IBLHL,IBL HealthCare Limited,42.52,42.47,-0.05,-0.12%,0.03%,-0.03,"60,359",99,"4,184"
2026-09-29 10:32:39,KMIALLSHR,SURC,Suraj Cotton Mills Limited,156.62,150.22,-6.40,-4.09%,0.06%,-1.88,"55,057",49,"7,332"
2026-09-29 10:32:39,KMIALLSHR,GADTXD,Gadoon Textile Mills Limited,296.50,306.90,10.40,3.51%,0.07%,1.75,"52,600",28,"8,602"
2026-09-29 10:32:39,KMIALLSHR,WAHN,Wah Noble Chemicals Limited,239.99,234.75,-5.24,-2.18%,0.02%,-0.28,"51,861",9,"2,113"
2026-09-29 10:32:39,KMIALLSHR,FTMM,First Treet Manufacturing Modaraba,18.06,18.77,0.71,3.93%,0.03%,0.84,"49,623",196,"3,671"
2026-09-29 10:32:39,KMIALLSHR,SAZEWXD,Sazgar Engineering Works Limited,"1,724.89","1,708.00",-16.89,-0.98%,0.84%,-6.15,"49,146",60,"103,242"
2026-09-29 10:32:39,KMIALLSHR,SPEL,SPEL Limited,41.47,41.80,0.33,0.80%,0.07%,0.40,"47,516",200,"8,349"
2026-09-29 10:32:39,KMIALLSHR,PTL,Panther Tyres Ltd.,49.63,49.68,0.05,0.10%,0.07%,0.05,"46,795",168,"8,346"
2026-09-29 10:32:39,KMIALLSHR,BIFO,Biafo Industries Limited,110.66,110.25,-0.41,-0.37%,0.04%,-0.11,"46,388",46,"5,114"
2026-09-29 10:32:39,KMIALLSHR,BFAGRO,Barkat Frisian Agro Limited,31.72,31.40,-0.32,-1.01%,0.08%,-0.60,"41,384",310,"9,734"
2026-09-29 10:32:39,KMIALLSHR,FLYNG,Flying Cement Company Limited,35.68,35.47,-0.21,-0.59%,0.20%,-0.88,"40,825",695,"24,645"
2026-09-29 10:32:39,KMIALLSHR,GATI,Gatron (Industries) Limited,84.86,84.00,-0.86,-1.01%,0.07%,-0.56,"40,062",109,"9,133"
2026-09-29 10:32:39,KMIALLSHR,GLAXO,GlaxoSmithKline Pakistan Limited,316.42,314.58,-1.84,-0.58%,0.81%,-3.53,"39,731",318,"100,183"
2026-09-29 10:32:39,KMIALLSHR,OLPM,OLP Modaraba,27.00,26.97,-0.03,-0.11%,0.01%,-0.01,"39,664",45,"1,224"
2026-09-29 10:32:39,KMIALLSHR,BPLXB,Burshane LPG (Pakistan) Limited,53.47,52.50,-0.97,-1.81%,0.01%,-0.16,"39,390",27,"1,417"
2026-09-29 10:32:39,KMIALLSHR,HALEON,Haleon Pakistan Limited,680.74,687.72,6.98,1.03%,0.65%,4.92,"38,045",117,"80,501"
2026-09-29 10:32:39,KMIALLSHR,SARC,Sardar Chemical Industries Limited,76.53,74.05,-2.48,-3.24%,0.00%,-0.09,"37,931",6,444
2026-09-29 10:32:39,KMIALLSHR,GTYR,Ghandhara Tyre & Rubber Company Limited,26.08,25.86,-0.22,-0.84%,0.03%,-0.16,"36,754",122,"3,153"
2026-09-29 10:32:39,KMIALLSHR,PAKOXY,Pakistan Oxygen Limited,344.17,344.60,0.43,0.13%,0.24%,0.23,"35,925",87,"30,023"
2026-09-29 10:32:39,KMIALLSHR,UDPL,United Distributors Pakistan Limited,107.20,103.99,-3.21,-2.99%,0.03%,-0.68,"35,539",35,"3,668"
2026-09-29 10:32:39,KMIALLSHR,SKRSNC,Sakrand Sugar Mills Limited,24.10,23.10,-1.00,-4.15%,0.01%,-0.27,"35,222",45,"1,031"
2026-09-29 10:32:39,KMIALLSHR,FIBLM,First IBL Modaraba,13.98,13.99,0.01,0.07%,0.00%,0.00,"34,114",22,303
2026-09-29 10:32:39,KMIALLSHR,AGP,AGP Limited,157.87,157.00,-0.87,-0.55%,0.36%,-1.47,"33,177",280,"43,960"
2026-09-29 10:32:39,KMIALLSHR,PQGTL,Pak Qatar General Takaful Limited,13.40,13.37,-0.03,-0.22%,0.01%,-0.02,"31,725",101,"1,352"
2026-09-29 10:32:39,KMIALLSHR,GWLC,Gharibwal Cement Limited,48.66,48.60,-0.06,-0.12%,0.16%,-0.14,"31,497",400,"19,453"
2026-09-29 10:32:39,KMIALLSHR,JSML,Jauharabad Sugar Mills Limited,50.84,50.45,-0.39,-0.77%,0.01%,-0.08,"29,570",34,"1,722"
2026-09-29 10:32:39,KMIALLSHR,SGF,Service GlobalFootwear Limited,109.18,107.16,-2.02,-1.85%,0.18%,-2.52,"27,334",207,"22,190"
2026-09-29 10:32:39,KMIALLSHR,PIOC,Pioneer Cement Limited,243.14,243.04,-0.10,-0.04%,0.45%,-0.14,"25,846",227,"55,206"
2026-09-29 10:32:39,KMIALLSHR,FECTC,Fecto Cement Limited,94.12,94.60,0.48,0.51%,0.04%,0.14,"24,857",50,"4,745"
2026-09-29 10:32:39,KMIALLSHR,STCL,Shabbir Tiles & Ceramics Limited,8.82,8.90,0.08,0.91%,0.02%,0.12,"24,708",239,"2,130"
2026-09-29 10:32:39,KMIALLSHR,STYLERS,Stylers International Limited,50.49,50.00,-0.49,-0.97%,0.20%,-1.44,"24,618",489,"24,441"
2026-09-29 10:32:39,KMIALLSHR,LCIXD,Lucky Core Industries Limited,208.69,206.85,-1.84,-0.88%,0.77%,-5.11,"24,490",462,"95,522"
2026-09-29 10:32:39,KMIALLSHR,DOL,Descon Oxychem Limited,30.53,30.42,-0.11,-0.36%,0.04%,-0.12,"23,488",175,"5,324"
2026-09-29 10:32:39,KMIALLSHR,MEHT,Mehmood Textile Mills Limited,138.98,138.00,-0.98,-0.70%,0.03%,-0.18,"23,376",30,"4,140"
2026-09-29 10:32:39,KMIALLSHR,PPP,Pakistan Paper Products Limited,148.28,148.90,0.62,0.42%,0.01%,0.03,"21,844",8,"1,191"
2026-09-29 10:32:39,KMIALLSHR,MSCL,Metropolitan Steel Corporation Limited,21.45,20.81,-0.64,-2.98%,0.01%,-0.12,"20,215",31,645
2026-09-29 10:32:39,KMIALLSHR,INILXD,International Industries Limited,164.03,162.70,-1.33,-0.81%,0.17%,-1.06,"20,150",132,"21,457"
2026-09-29 10:32:39,KMIALLSHR,JATM,J.A. Textile Mills Limited,37.00,36.77,-0.23,-0.62%,0.00%,-0.02,"19,828",13,463
2026-09-29 10:32:39,KMIALLSHR,ICCI,ICC Industries Limited,13.44,13.50,0.06,0.45%,0.00%,0.01,"19,548",30,405
2026-09-29 10:32:39,KMIALLSHR,DWSMNC,Dewan Sugar Mills Limited,6.26,6.22,-0.04,-0.64%,0.00%,-0.02,"18,229",92,569
2026-09-29 10:32:39,KMIALLSHR,CHCC,Cherat Cement Company Limited,278.74,277.69,-1.05,-0.38%,0.44%,-1.23,"18,179",194,"53,954"
2026-09-29 10:32:39,KMIALLSHR,SRR,Signature Residency REIT,16.97,17.04,0.07,0.41%,0.00%,0.01,"18,134",33,562
2026-09-29 10:32:39,KMIALLSHR,BRRG,B.R.R Guardian Limited,40.00,40.09,0.09,0.22%,0.03%,0.05,"17,454",95,"3,809"
2026-09-29 10:32:39,KMIALLSHR,GEMPACRA,The Pakistan Credit Rating Agency Ltd,47.24,48.00,0.76,1.61%,0.03%,0.34,"16,359",75,"3,577"
2026-09-29 10:32:39,KMIALLSHR,LIVEN,Liven Pharma Limited,31.78,31.96,0.18,0.57%,0.03%,0.12,"15,635",113,"3,613"
2026-09-29 10:32:39,KMIALLSHR,SERT,Service Industries Textiles Limited,38.97,38.99,0.02,0.05%,0.00%,0.00,"15,556",14,538
2026-09-29 10:32:39,KMIALLSHR,WAFI,Wafi Energy Pakistan Limited,163.13,161.99,-1.14,-0.70%,0.28%,-1.47,"12,777",214,"34,670"
2026-09-29 10:32:39,KMIALLSHR,SPLNC,Sitara Peroxide Limited,43.00,43.50,0.50,1.16%,0.02%,0.17,"11,677",55,"2,397"
2026-09-29 10:32:39,KMIALLSHR,TCORP,Tariq Corporation Limited,20.11,19.82,-0.29,-1.44%,0.01%,-0.14,"11,402",82,"1,625"
2026-09-29 10:32:39,KMIALLSHR,BFMOD,B.F. Modaraba,20.28,20.82,0.54,2.66%,0.00%,0.02,"11,297",8,156
2026-09-29 10:32:39,KMIALLSHR,MACTER,Macter International Limited,259.64,259.90,0.26,0.10%,0.10%,0.07,"10,809",46,"11,906"
2026-09-29 10:32:39,KMIALLSHR,KSTMNC,Khalid Siraj Textile Mills Limited,12.07,12.29,0.22,1.82%,0.00%,0.01,"9,877",11,132
2026-09-29 10:32:39,KMIALLSHR,FML,Feroze1888 Mills Limited,46.01,45.59,-0.42,-0.91%,0.15%,-1.01,"9,820",399,"18,209"
2026-09-29 10:32:39,KMIALLSHR,PAKD,Pak Datacom Limited,121.75,120.00,-1.75,-1.44%,0.01%,-0.12,"9,709",12,"1,423"
2026-09-29 10:32:39,KMIALLSHR,BCL,Bolan Castings Limited,72.68,72.00,-0.68,-0.94%,0.01%,-0.05,"9,672",11,826
2026-09-29 10:32:39,KMIALLSHR,OML,Olympia Mills Limited,78.36,78.50,0.14,0.18%,0.01%,0.01,"9,618",12,942
2026-09-29 10:32:39,KMIALLSHR,CCM,Crescent Cotton Mills Limited,47.46,45.27,-2.19,-4.61%,0.01%,-0.30,"9,444",23,"1,026"
2026-09-29 10:32:39,KMIALLSHR,SSMLNC,Saritow Spinning Mills Limited,19.00,18.00,-1.00,-5.26%,0.00%,-0.18,"8,576",30,537
2026-09-29 10:32:39,KMIALLSHR,ELSM,Ellcot Spinning Mills Limited,148.00,151.10,3.10,2.10%,0.01%,0.20,"8,160",11,"1,655"
2026-09-29 10:32:39,KMIALLSHR,HRPL,Habib Rice Product Limited.,19.14,19.00,-0.14,-0.73%,0.01%,-0.03,"8,043",40,760
2026-09-29 10:32:39,KMIALLSHR,MIRKS,Mirpurkhas Sugar Mills Limited,32.16,31.27,-0.89,-2.77%,0.02%,-0.36,"7,878",67,"2,081"
2026-09-29 10:32:39,KMIALLSHR,SHFA,Shifa International Hospitals Limited,449.64,440.00,-9.64,-2.14%,0.23%,-3.67,"7,865",63,"27,814"
2026-09-29 10:32:39,KMIALLSHR,SZTM,Shahzad Textile Mills Limited,83.06,83.83,0.77,0.93%,0.01%,0.08,"7,736",18,"1,507"
2026-09-29 10:32:39,KMIALLSHR,ICL,Ittehad Chemicals Limted,128.84,128.50,-0.34,-0.26%,0.10%,-0.20,"7,243",100,"12,850"
2026-09-29 10:32:39,KMIALLSHR,BNWM,Bannu Woollen Mills Limited,62.92,61.57,-1.35,-2.15%,0.00%,-0.08,"6,976",10,585
2026-09-29 10:32:39,KMIALLSHR,OTSU,Otsuka Pakistan Limited,366.30,364.00,-2.30,-0.63%,0.04%,-0.17,"6,872",12,"4,404"
2026-09-29 10:32:39,KMIALLSHR,KSBP,KSB Pumps Company Limited,210.19,210.50,0.31,0.15%,0.05%,0.06,"6,576",31,"6,504"
2026-09-29 10:32:39,KMIALLSHR,HINOON,Highnoon Laboratories Limited,948.13,943.50,-4.63,-0.49%,0.41%,-1.48,"5,900",53,"49,990"
2026-09-29 10:32:39,KMIALLSHR,SEL,Sitara Energy Limited,25.39,25.01,-0.38,-1.50%,0.00%,-0.04,"5,839",19,477
2026-09-29 10:32:39,KMIALLSHR,ACPL,Attock Cement Pakistan Limited,240.62,239.00,-1.62,-0.67%,0.27%,-1.34,"5,803",137,"32,845"
2026-09-29 10:32:39,KMIALLSHR,IDRT,Idrees Textile Mills Limited,33.78,33.97,0.19,0.56%,0.01%,0.02,"5,403",20,674
2026-09-29 10:32:39,KMIALLSHR,CHAS,Chashma Sugar Mills Limited,82.41,80.00,-2.41,-2.92%,0.02%,-0.42,"5,329",29,"2,295"
2026-09-29 10:32:39,KMIALLSHR,MQTM,Maqbool Textile Mills Limited,26.73,26.49,-0.24,-0.90%,0.00%,-0.03,"5,202",18,488
2026-09-29 10:32:39,KMIALLSHR,RUBYNC,Ruby Textile Mills Limited,21.58,21.44,-0.14,-0.65%,0.01%,-0.04,"5,180",52,"1,119"
2026-09-29 10:32:39,KMIALLSHR,LPGL,Leiner Pak Gelatine Limited,71.80,71.50,-0.30,-0.42%,0.00%,-0.01,"5,100",8,536
2026-09-29 10:32:39,KMIALLSHR,JDMT,Janana De Malucho Textile Mills Limited,135.04,134.46,-0.58,-0.43%,0.01%,-0.02,"5,063",7,930
2026-09-29 10:32:39,KMIALLSHR,NCMLNC,Nazir Cotton Mills Limited,15.90,15.90,0.00,0.00%,0.00%,0.00,"5,006",23,366
2026-09-29 10:32:39,KMIALLSHR,DINT,Din Textile Mills Limited,60.37,61.80,1.43,2.37%,0.03%,0.45,"4,849",52,"3,242"
2026-09-29 10:32:39,KMIALLSHR,DYNO,Dynea Pakistan Limited,328.99,336.99,8.00,2.43%,0.05%,0.91,"4,751",19,"6,360"
2026-09-29 10:32:39,KMIALLSHR,ANTM,AN Textile Mills Limited,80.36,80.50,0.14,0.17%,0.01%,0.01,"4,714",10,778
2026-09-29 10:32:39,KMIALLSHR,ARPL,Archroma Pakistan Limited,392.30,390.00,-2.30,-0.59%,0.11%,-0.48,"4,602",35,"13,480"
2026-09-29 10:32:39,KMIALLSHR,FECM,First Elite Capital Modaraba,19.25,18.60,-0.65,-3.38%,0.00%,-0.04,"4,262",11,211
2026-09-29 10:32:39,KMIALLSHR,POML,Punjab Oil Mills Limited,142.21,143.00,0.79,0.56%,0.01%,0.04,"4,152",8,"1,110"
2026-09-29 10:32:39,KMIALLSHR,MFFL,Mitchells Fruit Farms Limited,163.13,160.00,-3.13,-1.92%,0.03%,-0.43,"4,130",23,"3,660"
2026-09-29 10:32:39,KMIALLSHR,ZAHID,Zahidjee Textile Mills Limited,62.14,63.88,1.74,2.80%,0.10%,2.00,"3,939",191,"12,228"
2026-09-29 10:32:39,KMIALLSHR,MRNS,Mehran Sugar Mills Limited,60.61,61.00,0.39,0.64%,0.04%,0.18,"3,850",75,"4,571"
2026-09-29 10:32:39,KMIALLSHR,UBDL,United Brands Limited,25.93,25.50,-0.43,-1.66%,0.02%,-0.24,"3,806",92,"2,341"
2026-09-29 10:32:39,KMIALLSHR,DADX,Dadex Eternit Limited,124.23,136.65,12.42,10.00%,0.01%,0.80,"3,597",11,"1,471"
2026-09-29 10:32:39,KMIALLSHR,ATBA,Atlas Battery Limited,163.46,163.44,-0.02,-0.01%,0.05%,0.00,"3,087",35,"5,723"
2026-09-29 10:32:39,KMIALLSHR,SITC,Sitara Chemical Industries Limited,738.47,718.00,-20.47,-2.77%,0.12%,-2.64,"3,079",21,"15,386"
2026-09-29 10:32:39,KMIALLSHR,GEMMEL,Mughal Energy Limited(GEM),43.21,41.00,-2.21,-5.11%,0.06%,-2.58,"3,000",194,"7,958"
2026-09-29 10:32:39,KMIALLSHR,CRTM,The Crescent Textile Mills Limited,63.63,63.00,-0.63,-0.99%,0.05%,-0.38,"2,423",100,"6,300"
2026-09-29 10:32:39,KMIALLSHR,HAEL,Hala Enterprises Limited,25.12,25.35,0.23,0.92%,0.00%,0.02,"2,352",13,329
2026-09-29 10:32:39,KMIALLSHR,KPUS,Khairpur Sugar Mills Limited,826.57,807.75,-18.82,-2.28%,0.10%,-1.81,"2,348",16,"12,938"
2026-09-29 10:32:39,KMIALLSHR,PSYL,Pakistan Synthetics Limited,139.98,145.00,5.02,3.59%,0.16%,4.19,"2,322",139,"20,111"
2026-09-29 10:32:39,KMIALLSHR,COLGXD,Colgate-Palmolive (Pakistan) Limited,"1,118.15","1,119.95",1.80,0.16%,2.21%,2.63,"2,248",243,"271,894"
2026-09-29 10:32:39,KMIALLSHR,STJT,Shahtaj Textile Limited,143.00,144.99,1.99,1.39%,0.01%,0.12,"2,063",10,"1,401"
2026-09-29 10:32:39,KMIALLSHR,QUETNC,Quetta Textile Mills Limited,14.31,14.69,0.38,2.66%,0.00%,0.03,"2,023",13,191
2026-09-29 10:32:39,KMIALLSHR,GFIL,Ghazi Fabrics International Limited,25.09,24.99,-0.10,-0.40%,0.01%,-0.02,"1,895",33,816
2026-09-29 10:32:39,KMIALLSHR,AKGL,Al-Khair Gadoon Limited,56.94,57.97,1.03,1.81%,0.00%,0.06,"1,885",10,580
2026-09-29 10:32:39,KMIALLSHR,AGTL,Al-Ghazi Tractors Limited,344.10,342.10,-2.00,-0.58%,0.16%,-0.70,"1,808",58,"19,830"
2026-09-29 10:32:39,KMIALLSHR,SMCPL,Safe Mix Concrete Limited,40.12,39.90,-0.22,-0.55%,0.01%,-0.03,"1,706",25,998
2026-09-29 10:32:39,KMIALLSHR,REWM,Reliance Weaving Mills Limited,168.87,168.90,0.03,0.02%,0.04%,0.01,"1,686",31,"5,204"
2026-09-29 10:32:39,KMIALLSHR,ALNRS,Al-Noor Sugar Mills Limited,124.95,120.75,-4.20,-3.36%,0.02%,-0.52,"1,661",20,"2,472"
2026-09-29 10:32:39,KMIALLSHR,ABOT,Abbott Laboratories (Pakistan) Limited,927.73,923.49,-4.24,-0.46%,0.73%,-2.50,"1,466",98,"90,410"
2026-09-29 10:32:39,KMIALLSHR,NATM,Nadeem Textile Mills Limited,71.45,70.00,-1.45,-2.03%,0.01%,-0.19,"1,417",21,"1,489"
2026-09-29 10:32:39,KMIALLSHR,FEM,First Equity Modaraba,10.44,10.80,0.36,3.45%,0.00%,0.11,"1,350",52,566
2026-09-29 10:32:39,KMIALLSHR,BWHLXD,Baluchistan Wheels Limited,216.01,215.01,-1.00,-0.46%,0.02%,-0.08,"1,298",13,"2,867"
2026-09-29 10:32:39,KMIALLSHR,IDEAL,Ideal Dynamics Limited,41.01,45.11,4.10,10.00%,0.00%,0.24,"1,222",10,447
2026-09-29 10:32:39,KMIALLSHR,JUBSNC,Jubilee Spinning & Weaving Mills Ltd.,52.24,50.30,-1.94,-3.71%,0.01%,-0.38,"1,175",32,"1,634"
2026-09-29 10:32:39,KMIALLSHR,AGIL,Agriauto Industries Limited,147.63,147.05,-0.58,-0.39%,0.04%,-0.13,"1,150",36,"5,294"
2026-09-29 10:32:39,KMIALLSHR,STML,Shams Textile Mills Limited,45.10,46.99,1.89,4.19%,0.00%,0.10,"1,077",9,406
2026-09-29 10:32:39,KMIALLSHR,FIMM,First Imrooz Modaraba,215.99,237.59,21.60,10.00%,0.01%,0.39,"1,047",3,713
2026-09-29 10:32:39,KMIALLSHR,DAAG,Data Agro Limited,83.31,85.80,2.49,2.99%,0.00%,0.06,"1,035",4,343
2026-09-29 10:32:39,KMIALLSHR,GEMBCEM,Burj Clean Energy Modaraba(GEM),11.30,12.40,1.10,9.74%,0.01%,0.66,"1,002",100,"1,240"
2026-09-29 10:32:39,KMIALLSHR,RUPL,Rupali Polyester Limited,28.98,29.40,0.42,1.45%,0.01%,0.09,"1,000",34,"1,002"
2026-09-29 10:32:39,KMIALLSHR,FILNC,Fateh Industries Limited,266.74,253.00,-13.74,-5.15%,0.00%,-0.17,939,2,506
2026-09-29 10:32:39,KMIALLSHR,BHAT,Bhanero Textile Mills Limited,819.53,865.00,45.47,5.55%,0.02%,0.83,813,3,"2,630"
2026-09-29 10:32:39,KMIALLSHR,NESTLE,Nestle Pakistan Limited,"7,361.00","7,358.00",-3.00,-0.04%,2.71%,-0.82,743,45,"333,682"
2026-09-29 10:32:39,KMIALLSHR,HINO,Hinopak Motors Limited,319.51,317.90,-1.61,-0.50%,0.06%,-0.24,623,25,"7,884"
2026-09-29 10:32:39,KMIALLSHR,SHCM,Shadman Cotton Mills Limited,55.62,54.37,-1.25,-2.25%,0.01%,-0.13,606,18,959
2026-09-29 10:32:39,KMIALLSHR,NONS,Noon Sugar Mills Limited,80.40,81.00,0.60,0.75%,0.01%,0.06,513,17,"1,338"
2026-09-29 10:32:39,KMIALLSHR,ADAMS,Adam Sugar Mills Limited,68.49,67.96,-0.53,-0.77%,0.01%,-0.06,512,17,"1,175"
2026-09-29 10:32:39,KMIALLSHR,ELCM,Elahi Cotton Mills Limited,261.09,257.00,-4.09,-1.57%,0.00%,-0.03,474,1,334
2026-09-29 10:32:39,KMIALLSHR,DMC,D.M. Corporation Limited.,177.11,173.00,-4.11,-2.32%,0.00%,-0.08,470,3,528
2026-09-29 10:32:39,KMIALLSHR,EXIDE,Exide Pakistan Limited,425.08,427.86,2.78,0.65%,0.03%,0.13,440,8,"3,324"
2026-09-29 10:32:39,KMIALLSHR,FASM,Faisal Spinning Mills Limited,335.11,337.75,2.64,0.79%,0.03%,0.16,436,10,"3,378"
2026-09-29 10:32:39,KMIALLSHR,PSEL,Pakistan Services Limited,"1,145.04","1,110.02",-35.02,-3.06%,0.29%,-6.86,376,33,"36,103"
2026-09-29 10:32:39,KMIALLSHR,BATA,Bata Pakistan Limited,859.75,856.00,-3.75,-0.44%,0.05%,-0.17,356,8,"6,471"
2026-09-29 10:32:39,KMIALLSHR,SASML,Sindh Abadgars Sugar Mills Limited,339.99,331.01,-8.98,-2.64%,0.03%,-0.56,285,10,"3,451"
2026-09-29 10:32:39,KMIALLSHR,PMRS,The Premier Sugar Mills,367.70,372.10,4.40,1.20%,0.01%,0.10,283,4,"1,395"
2026-09-29 10:32:39,KMIALLSHR,SANSM,Sanghar Sugar Mills Limited,119.61,119.60,-0.01,-0.01%,0.01%,0.00,226,12,"1,429"
2026-09-29 10:32:39,KMIALLSHR,INKL,International Knitwear Limited,98.92,96.50,-2.42,-2.45%,0.01%,-0.14,213,10,934
2026-09-29 10:32:39,KMIALLSHR,REDCO,Redco Textiles Limited,29.24,29.80,0.56,1.92%,0.01%,0.17,190,49,"1,469"
2026-09-29 10:32:39,KMIALLSHR,IBFL,Ibrahim Fibres Limited,251.57,251.00,-0.57,-0.23%,0.63%,-1.07,173,311,"77,937"
2026-09-29 10:32:39,KMIALLSHR,AHTM,Ahmad Hassan Textile Mills Limited,87.02,86.50,-0.52,-0.60%,0.01%,-0.03,168,8,733
2026-09-29 10:32:39,KMIALLSHR,SUHJNC,Suhail Jute Mills Limited,176.98,176.99,0.01,0.01%,0.01%,0.00,163,4,767
2026-09-29 10:32:39,KMIALLSHR,FZCM,Fazal Cloth Mills Limited,245.05,253.00,7.95,3.24%,0.06%,1.44,156,30,"7,590"
2026-09-29 10:32:39,KMIALLSHR,SIEM,Siemens (Pakistan) Engineering,"1,600.00","1,602.00",2.00,0.13%,0.11%,0.10,154,8,"13,212"
2026-09-29 10:32:39,KMIALLSHR,FRCL,Frontier Ceramics Limited,86.95,86.90,-0.05,-0.06%,0.03%,-0.01,150,38,"3,291"
2026-09-29 10:32:39,KMIALLSHR,ZIL,ZIL Limited,317.48,329.98,12.50,3.94%,0.02%,0.46,149,6,"2,020"
2026-09-29 10:32:39,KMIALLSHR,FRSM,Faran Sugar Mills Limited,42.01,43.10,1.09,2.60%,0.01%,0.26,145,40,"1,703"
2026-09-29 10:32:39,KMIALLSHR,JDWS,JDW Sugar Mills Limited,877.57,880.00,2.43,0.28%,0.41%,0.85,126,58,"50,843"
2026-09-29 10:32:39,KMIALLSHR,GOC,GOC (Pak) Limited.,159.20,159.20,0.00,0.00%,0.01%,0.00,123,7,"1,170"
2026-09-29 10:32:39,KMIALLSHR,HPL,Hoechst Pakistan Limited,"3,905.85","3,925.00",19.15,0.49%,0.31%,1.11,119,10,"37,856"
2026-09-29 10:32:39,KMIALLSHR,KCL,Karam Ceramics Limited,171.91,171.00,-0.91,-0.53%,0.02%,-0.08,90,15,"2,488"
2026-09-29 10:32:39,KMIALLSHR,ISIL,Ismail Industries Limited,"1,799.67","1,812.34",12.67,0.70%,0.98%,5.06,69,66,"120,261"
2026-09-29 10:32:39,KMIALLSHR,UPFL,Unilever Pakistan Foods Limited,"25,185.50","25,335.00",149.50,0.59%,1.31%,5.73,63,6,"161,382"
2026-09-29 10:32:39,KMIALLSHR,SNAI,Sana Industries Limited,34.74,34.50,-0.24,-0.69%,0.01%,-0.03,51,20,689
2026-09-29 10:32:39,KMIALLSHR,SAPT,Sapphire Textile Mills Limited,"1,560.65","1,495.35",-65.30,-4.18%,0.26%,-8.53,50,22,"32,434"
2026-09-29 10:32:39,KMIALLSHR,BAFS,Baba Farid Sugar Mills Limited,429.68,425.01,-4.67,-1.09%,0.03%,-0.27,37,9,"4,016"
2026-09-29 10:32:39,KMIALLSHR,GVGL,Ghani Value Glass Limited,53.00,54.00,1.00,1.89%,0.07%,0.90,27,150,"8,097"
2026-09-29 10:32:39,KMIALLSHR,TICL,The Thal Industries Corporation Limited,"1,010.20","1,010.20",0.00,0.00%,0.12%,0.00,26,15,"15,176"
2026-09-29 10:32:39,KMIALLSHR,KHYT,Khyber Textile Mills Limited,"1,899.44","1,884.98",-14.46,-0.76%,0.02%,-0.11,24,1,"2,314"
2026-09-29 10:32:39,KMIALLSHR,RMPL,Rafhan Maize Products Company Limited,"8,835.00","8,899.90",64.90,0.74%,0.67%,3.61,22,9,"82,203"
2026-09-29 10:32:39,KMIALLSHR,SHSML,Shahmurad Sugar Mills Limited,340.50,348.90,8.40,2.47%,0.06%,1.07,18,21,"7,368"
2026-09-29 10:32:39,KMIALLSHR,BTL,Blessed Textiles Limited,845.45,845.45,0.00,0.00%,0.04%,0.00,16,6,"5,438"
2026-09-29 10:32:39,KMIALLSHR,HAFL,Hafiz Limited,448.96,455.00,6.04,1.35%,0.00%,0.04,15,1,546
2026-09-29 10:32:39,KMIALLSHR,NSRM,The National Silk & Rayon Mills Limited,208.22,208.00,-0.22,-0.11%,0.03%,-0.02,12,16,"3,235"
2026-09-29 10:32:39,KMIALLSHR,AASMNC,Al-Abid Silk Mills Limited,3.49,3.49,0.34,10.79%,0.00%,0.00,0,13,47
2026-09-29 10:32:39,KMIALLSHR,AWTX,Allawasaya Tex. & Finishing Mills Ltd,"1,601.11","1,601.11",0.00,0.00%,0.01%,0.00,0,1,"1,281"
2026-09-29 10:32:39,KMIALLSHR,CFL,Crescent Fibres Limited,59.40,59.40,0.00,0.00%,0.01%,0.00,0,12,738
2026-09-29 10:32:39,KMIALLSHR,DBSLNC,Dadabhoy Sack Limited,7.00,7.00,0.00,0.00%,0.00%,0.00,0,4,28
2026-09-29 10:32:39,KMIALLSHR,FNBMNC,First National Bank Modaraba,0.64,0.64,0.00,0.00%,0.00%,0.00,0,25,16
2026-09-29 10:32:39,KMIALLSHR,GEMPAPL,Pak Agro Packaging Limited(GEM),11.01,11.01,0.01,0.09%,0.00%,0.00,0,20,220
2026-09-29 10:32:39,KMIALLSHR,GIL,Good Luck Industries Ltd.,"2,408.45","1,000.00",50.00,5.26%,0.00%,0.00,0,0,300
2026-09-29 10:32:39,KMIALLSHR,HATMNC,Hamid Textile Mills Limited,0.97,0.97,0.00,0.00%,0.00%,0.00,0,13,13
2026-09-29 10:32:39,KMIALLSHR,MUBTNC,Mubarak Textile Mills Limited,3.85,3.85,-1.00,-20.62%,0.00%,0.00,0,5,21
2026-09-29 10:32:39,KMIALLSHR,SGABLNC,SG.Allied Businesses Limited,126.00,126.00,0.00,0.00%,0.02%,0.00,0,15,"1,890"
2026-09-29 10:32:39,KMIALLSHR,SMLNC,Shakarganj Limited,100.00,100.00,0.00,0.00%,0.10%,0.00,0,125,"12,500"
2026-09-29 10:32:39,KMIALLSHR,SWLNC,Standard Worldwide Limited,316.53,44.00,0.00,0.00%,0.00%,0.00,0,1,33
2026-09-29 10:32:39,PSXDIV20,BOP,The Bank of Punjab,30.52,30.38,-0.14,-0.46%,3.79%,-13.55,"5,517,941","2,592","78,735"
2026-09-29 10:32:39,PSXDIV20,AHCL,Arif Habib Corporation Limited,15.84,16.06,0.22,1.39%,4.54%,48.21,"3,310,294","5,870","94,273"
2026-09-29 10:32:39,PSXDIV20,NBP,National Bank of Pakistan,165.19,164.85,-0.34,-0.21%,10.65%,-17.02,"2,585,211","1,341","221,073"
2026-09-29 10:32:39,PSXDIV20,HBL,Habib Bank Limited,304.21,301.60,-2.61,-0.86%,5.59%,-37.48,"1,609,683",385,"115,998"
2026-09-29 10:32:39,PSXDIV20,HUBC,The Hub Power Company Limited,202.86,202.12,-0.74,-0.36%,4.74%,-13.45,"1,302,710",487,"98,419"
2026-09-29 10:32:39,PSXDIV20,MCB,MCB Bank Limited,390.01,389.00,-1.01,-0.26%,3.85%,-7.75,"505,688",206,"79,953"
2026-09-29 10:32:39,PSXDIV20,FFC,Fauji Fertilizer Company Limited,542.51,539.95,-2.56,-0.47%,4.48%,-16.46,"374,103",172,"92,992"
2026-09-29 10:32:39,PSXDIV20,BAFL,Bank Alfalah Limited,56.93,56.41,-0.52,-0.91%,3.63%,-25.91,"371,675","1,335","75,288"
2026-09-29 10:32:39,PSXDIV20,BAHL,Bank AL Habib Limited,151.50,151.98,0.48,0.32%,4.49%,10.99,"311,721",613,"93,193"
2026-09-29 10:32:39,PSXDIV20,UBL,United Bank Limited,424.18,420.50,-3.68,-0.87%,5.28%,-35.81,"269,499",261,"109,587"
2026-09-29 10:32:39,PSXDIV20,POL,Pakistan Oilfields Limited,752.44,750.99,-1.45,-0.19%,7.51%,-11.24,"267,964",208,"155,902"
2026-09-29 10:32:39,PSXDIV20,EFERT,Engro Fertilizers Limited,193.96,192.75,-1.21,-0.62%,4.10%,-19.95,"262,542",442,"85,122"
2026-09-29 10:32:39,PSXDIV20,KAPCO,Kot Addu Power Company Limited,26.62,26.68,0.06,0.22%,8.16%,14.22,"199,289","6,348","169,364"
2026-09-29 10:32:39,PSXDIV20,MTL,Millat Tractors Limited,299.07,297.65,-1.42,-0.47%,4.32%,-16.00,"104,040",302,"89,804"
2026-09-29 10:32:39,PSXDIV20,FABL,Faysal Bank Limited,93.94,93.72,-0.22,-0.23%,5.62%,-10.22,"86,420","1,245","116,656"
2026-09-29 10:32:39,PSXDIV20,CSAP,Crescent Steel & Allied Products Limited,92.00,91.00,-1.00,-1.09%,5.26%,-44.85,"69,989","1,201","109,327"
2026-09-29 10:32:39,PSXDIV20,ISLXD,International Steels Limited,80.49,80.70,0.21,0.26%,3.90%,7.88,"63,900","1,004","81,059"
2026-09-29 10:32:39,PSXDIV20,HMB,Habib Metropolitan Bank Limited,97.59,97.50,-0.09,-0.09%,2.95%,-2.11,"56,475",627,"61,158"
2026-09-29 10:32:39,PSXDIV20,NATF,National Foods Limited,345.94,344.50,-1.44,-0.42%,4.01%,-13.01,"36,572",242,"83,363"
2026-09-29 10:32:39,PSXDIV20,APL,Attock Petroleum Limited,578.43,577.00,-1.43,-0.25%,3.14%,-6.04,"27,594",113,"65,299"
2026-09-29 10:32:39,UPP9,HBL,Habib Bank Limited,304.21,301.60,-2.61,-0.86%,9.53%,-48.76,"1,609,683",653,"197,002"
2026-09-29 10:32:39,UPP9,HUBC,The Hub Power Company Limited,202.86,202.12,-0.74,-0.36%,10.59%,-22.92,"1,302,710","1,083","218,905"
2026-09-29 10:32:39,UPP9,SYS,Systems Limited,119.16,118.00,-1.16,-0.97%,5.62%,-32.65,"760,224",984,"116,131"
2026-09-29 10:32:39,UPP9,ENGROH,Engro Holdings Limited,263.49,262.50,-0.99,-0.38%,13.62%,-30.37,"439,748","1,072","281,529"
2026-09-29 10:32:39,UPP9,MEBL,Meezan Bank Limited,549.23,551.35,2.12,0.39%,13.37%,30.38,"431,821",501,"276,291"
2026-09-29 10:32:39,UPP9,LUCKXD,Lucky Cement Limited,412.57,411.50,-1.07,-0.26%,9.74%,-14.97,"420,709",489,"201,336"
2026-09-29 10:32:39,UPP9,FFC,Fauji Fertilizer Company Limited,542.51,539.95,-2.56,-0.47%,16.08%,-45.05,"374,103",615,"332,270"
2026-09-29 10:32:39,UPP9,UBL,United Bank Limited,424.18,420.50,-3.68,-0.87%,15.22%,-78.71,"269,499",748,"314,482"
2026-09-29 10:32:39,UPP9,EFERT,Engro Fertilizers Limited,193.96,192.75,-1.21,-0.62%,6.24%,-23.15,"262,542",669,"128,937"
2026-09-29 10:32:39,NITPGI,PPL,Pakistan Petroleum Limited,231.01,227.48,-3.53,-1.53%,5.51%,-38.37,"2,741,323",669,"152,272"
2026-09-29 10:32:39,NITPGI,HBL,Habib Bank Limited,304.21,301.60,-2.61,-0.86%,6.41%,-24.87,"1,609,683",587,"176,961"
2026-09-29 10:32:39,NITPGI,HUBC,The Hub Power Company Limited,202.86,202.12,-0.74,-0.36%,7.12%,-11.69,"1,302,710",973,"196,636"
2026-09-29 10:32:39,NITPGI,OGDC,Oil & Gas Development Company Limited,318.69,317.79,-0.90,-0.28%,7.42%,-9.43,"1,215,923",645,"205,019"
2026-09-29 10:32:39,NITPGI,SYS,Systems Limited,119.16,118.00,-1.16,-0.97%,3.78%,-16.65,"760,224",884,"104,280"
2026-09-29 10:32:39,NITPGI,MCB,MCB Bank Limited,390.01,389.00,-1.01,-0.26%,5.84%,-6.80,"505,688",415,"161,346"
2026-09-29 10:32:39,NITPGI,ENGROH,Engro Holdings Limited,263.49,262.50,-0.99,-0.38%,8.58%,-14.52,"439,748",903,"237,083"
2026-09-29 10:32:39,NITPGI,MEBL,Meezan Bank Limited,549.23,551.35,2.12,0.39%,8.99%,15.50,"431,821",450,"248,184"
2026-09-29 10:32:39,NITPGI,LUCKXD,Lucky Cement Limited,412.57,411.50,-1.07,-0.26%,6.55%,-7.64,"420,709",440,"180,854"
2026-09-29 10:32:39,NITPGI,FFC,Fauji Fertilizer Company Limited,542.51,539.95,-2.56,-0.47%,16.69%,-35.49,"374,103",854,"461,045"
2026-09-29 10:32:39,NITPGI,MARI,Mari Energies Limited,635.09,629.96,-5.13,-0.81%,5.48%,-20.00,"335,783",240,"151,269"
2026-09-29 10:32:39,NITPGI,BAHL,Bank AL Habib Limited,151.50,151.98,0.48,0.32%,4.28%,6.06,"311,721",778,"118,240"
2026-09-29 10:32:39,NITPGI,UBL,United Bank Limited,424.18,420.50,-3.68,-0.87%,13.35%,-52.37,"269,499",876,"368,563"
2026-09-29 10:32:39,NBPPGI,PPL,Pakistan Petroleum Limited,231.01,227.48,-3.53,-1.53%,9.96%,-69.88,"2,741,323","1,291","293,649"
2026-09-29 10:32:39,NBPPGI,NBP,National Bank of Pakistan,165.19,164.85,-0.34,-0.21%,7.15%,-6.67,"2,585,211","1,279","210,833"
2026-09-29 10:32:39,NBPPGI,HBL,Habib Bank Limited,304.21,301.60,-2.61,-0.86%,5.45%,-21.34,"1,609,683",533,"160,781"
2026-09-29 10:32:39,NBPPGI,HUBC,The Hub Power Company Limited,202.86,202.12,-0.74,-0.36%,8.19%,-13.57,"1,302,710","1,196","241,655"
2026-09-29 10:32:39,NBPPGI,OGDC,Oil & Gas Development Company Limited,318.69,317.79,-0.90,-0.28%,10.38%,-13.30,"1,215,923",963,"306,147"
2026-09-29 10:32:39,NBPPGI,SYS,Systems Limited,119.16,118.00,-1.16,-0.97%,3.51%,-15.61,"760,224",877,"103,515"
2026-09-29 10:32:39,NBPPGI,MCB,MCB Bank Limited,390.01,389.00,-1.01,-0.26%,3.58%,-4.21,"505,688",272,"105,658"
2026-09-29 10:32:39,NBPPGI,ENGROH,Engro Holdings Limited,263.49,262.50,-0.99,-0.38%,6.75%,-11.51,"439,748",758,"199,077"
2026-09-29 10:32:39,NBPPGI,MEBL,Meezan Bank Limited,549.23,551.35,2.12,0.39%,7.22%,12.56,"431,821",386,"213,007"
2026-09-29 10:32:39,NBPPGI,LUCKXD,Lucky Cement Limited,412.57,411.50,-1.07,-0.26%,6.38%,-7.50,"420,709",457,"188,162"
2026-09-29 10:32:39,NBPPGI,FFC,Fauji Fertilizer Company Limited,542.51,539.95,-2.56,-0.47%,10.02%,-21.48,"374,103",547,"295,422"
2026-09-29 10:32:39,NBPPGI,MARI,Mari Energies Limited,635.09,629.96,-5.13,-0.81%,5.99%,-22.07,"335,783",280,"176,702"
2026-09-29 10:32:39,NBPPGI,BAHL,Bank AL Habib Limited,151.50,151.98,0.48,0.32%,2.80%,3.99,"311,721",543,"82,478"
2026-09-29 10:32:39,NBPPGI,UBL,United Bank Limited,424.18,420.50,-3.68,-0.87%,9.31%,-36.84,"269,499",653,"274,510"
2026-09-29 10:32:39,NBPPGI,EFERT,Engro Fertilizers Limited,193.96,192.75,-1.21,-0.62%,3.31%,-9.39,"262,542",506,"97,547"
2026-09-29 10:32:39,MZNPI,MLCF,Maple Leaf Cement Factory Limited,93.54,92.75,-0.79,-0.84%,3.73%,-9.65,"4,844,093",823,"76,327"
2026-09-29 10:32:39,MZNPI,PPL,Pakistan Petroleum Limited,231.01,227.79,-3.22,-1.39%,7.18%,-30.84,"2,741,328",645,"146,917"
2026-09-29 10:32:39,MZNPI,DGKC,D.G. Khan Cement Company Limited,192.09,192.36,0.27,0.14%,3.58%,1.53,"1,343,840",380,"73,185"
2026-09-29 10:32:39,MZNPI,HUBC,The Hub Power Company Limited,202.86,202.71,-0.15,-0.07%,10.06%,-2.26,"1,302,780","1,016","205,925"
2026-09-29 10:32:39,MZNPI,PSO,Pakistan State Oil Company Limited,355.24,351.43,-3.81,-1.07%,4.21%,-13.87,"1,233,583",245,"86,139"
2026-09-29 10:32:39,MZNPI,OGDC,Oil & Gas Development Company Limited,318.69,317.76,-0.93,-0.29%,9.65%,-8.58,"1,225,924",622,"197,496"
2026-09-29 10:32:39,MZNPI,ATRL,Attock Refinery Limited,"1,177.12","1,181.71",4.59,0.39%,4.73%,5.58,"513,908",82,"96,724"
2026-09-29 10:32:39,MZNPI,ENGROH,Engro Holdings Limited,263.49,262.45,-1.04,-0.39%,12.90%,-15.54,"439,748","1,006","264,014"
2026-09-29 10:32:39,MZNPI,MEBL,Meezan Bank Limited,549.23,549.93,0.70,0.13%,12.63%,4.89,"431,821",470,"258,485"
2026-09-29 10:32:39,MZNPI,LUCKXD,Lucky Cement Limited,412.57,411.74,-0.83,-0.20%,9.23%,-5.66,"420,709",459,"188,957"
2026-09-29 10:32:39,MZNPI,FFC,Fauji Fertilizer Company Limited,542.51,539.42,-3.09,-0.57%,14.97%,-26.06,"374,103",568,"306,331"
2026-09-29 10:32:39,MZNPI,MARI,Mari Energies Limited,635.09,630.30,-4.79,-0.75%,7.13%,-16.46,"335,789",231,"145,811"
2026-09-29 10:32:39,JSMFI,CNERGY,Cnergyico PK Limited,13.32,13.09,-0.23,-1.73%,12.41%,-94.81,"56,291,160","3,879","50,774"
2026-09-29 10:32:39,JSMFI,PRL,Pakistan Refinery Limited,94.33,92.57,-1.76,-1.87%,14.32%,-118.44,"19,698,059",633,"58,617"
2026-09-29 10:32:39,JSMFI,MLCF,Maple Leaf Cement Factory Limited,93.54,92.75,-0.79,-0.84%,12.99%,-48.13,"4,844,093",573,"53,171"
2026-09-29 10:32:39,JSMFI,NRL,National Refinery Limited,567.18,579.31,12.13,2.14%,13.74%,125.17,"3,735,145",97,"56,253"
2026-09-29 10:32:39,JSMFI,PPL,Pakistan Petroleum Limited,231.01,227.79,-3.22,-1.39%,12.56%,-77.25,"2,741,328",226,"51,420"
2026-09-29 10:32:39,JSMFI,SSGC,Sui Southern Gas Company Limited,24.12,23.80,-0.32,-1.33%,2.61%,-15.26,"2,343,349",449,"10,681"
2026-09-29 10:32:39,JSMFI,PSO,Pakistan State Oil Company Limited,355.24,351.43,-3.81,-1.07%,12.74%,-60.09,"1,233,583",148,"52,152"
2026-09-29 10:32:39,JSMFI,THCCL,Thatta Cement Company Limited,75.01,74.55,-0.46,-0.61%,4.49%,-12.04,"777,376",246,"18,361"
2026-09-29 10:32:39,JSMFI,GAL,Ghandhara Automobiles Limited,537.23,541.87,4.64,0.86%,5.45%,20.29,"519,226",41,"22,300"
2026-09-29 10:32:39,JSMFI,ATRL,Attock Refinery Limited,"1,177.12","1,181.71",4.59,0.39%,8.69%,14.68,"513,908",30,"35,566"
2026-09-29 10:32:39,ACI,MLCF,Maple Leaf Cement Factory Limited,93.54,92.75,-0.79,-0.84%,8.44%,-15.65,"4,844,093",608,"56,371"
2026-09-29 10:32:39,ACI,SEARL,The Searle Company Limited,81.16,80.06,-1.10,-1.35%,4.54%,-13.60,"3,768,885",379,"30,358"
2026-09-29 10:32:39,ACI,ASL,Aisha Steel Mills Limited,16.55,16.60,0.05,0.30%,1.04%,0.68,"2,804,545",420,"6,972"
2026-09-29 10:32:39,ACI,FCCLXD,Fauji Cement Company Limited,53.01,52.38,-0.63,-1.19%,8.68%,-22.73,"1,729,019","1,107","57,977"
2026-09-29 10:32:39,ACI,DGKC,D.G. Khan Cement Company Limited,192.09,192.36,0.27,0.14%,8.13%,2.49,"1,343,840",282,"54,328"
2026-09-29 10:32:39,ACI,SNGP,Sui Northern Gas Pipelines Limited,92.81,91.92,-0.89,-0.96%,4.50%,-9.49,"1,238,987",327,"30,065"
2026-09-29 10:32:39,ACI,PSO,Pakistan State Oil Company Limited,355.24,351.43,-3.81,-1.07%,11.61%,-27.41,"1,233,583",221,"77,554"
2026-09-29 10:32:39,ACI,FFL,Fauji Foods Limited,14.86,14.74,-0.12,-0.81%,1.43%,-2.54,"632,083",650,"9,578"
2026-09-29 10:32:39,ACI,NML,Nishat Mills Limited,133.09,131.30,-1.79,-1.34%,4.01%,-11.90,"512,126",204,"26,784"
2026-09-29 10:32:39,ACI,LUCKXD,Lucky Cement Limited,412.57,411.74,-0.83,-0.20%,9.91%,-4.35,"420,709",161,"66,253"
2026-09-29 10:32:39,ACI,GATM,Gul Ahmed Textile Mills Limited,20.59,20.51,-0.08,-0.39%,0.73%,-0.62,"387,341",239,"4,892"
2026-09-29 10:32:39,ACI,ILP,Interloop Limited,97.63,97.55,-0.08,-0.08%,5.28%,-0.94,"207,501",361,"35,259"
2026-09-29 10:32:39,ACI,KTML,Kohinoor Textile Mills Limited,41.31,40.58,-0.73,-1.77%,2.11%,-8.26,"130,797",347,"14,090"
2026-09-29 10:32:39,ACI,MUGHAL,Mughal Iron & Steel Industries Limited,70.03,69.88,-0.15,-0.21%,1.58%,-0.74,"107,194",151,"10,584"
2026-09-29 10:32:39,ACI,MTL,Millat Tractors Limited,299.07,297.65,-1.42,-0.47%,10.31%,-10.72,"104,063",232,"68,909"
2026-09-29 10:32:39,ACI,CSAP,Crescent Steel & Allied Products Limited,92.00,91.09,-0.91,-0.99%,0.61%,-1.34,"69,989",45,"4,103"
2026-09-29 10:32:39,ACI,ISLXD,International Steels Limited,80.49,80.70,0.21,0.26%,2.37%,1.34,"63,900",196,"15,841"
2026-09-29 10:32:39,ACI,SAZEWXD,Sazgar Engineering Works Limited,"1,724.89","1,707.63",-17.26,-1.00%,6.97%,-15.35,"49,161",27,"46,578"
2026-09-29 10:32:39,ACI,GLAXO,GlaxoSmithKline Pakistan Limited,316.42,314.58,-1.84,-0.58%,3.87%,-4.93,"39,731",82,"25,833"
2026-09-29 10:32:39,ACI,NATF,National Foods Limited,345.94,344.76,-1.18,-0.34%,3.88%,-2.89,"36,572",75,"25,905"
2026-09-29 10:32:39,JSGBKTI,BOP,The Bank of Punjab,30.52,30.34,-0.18,-0.59%,11.40%,-48.11,"5,517,941","4,760","144,405"
2026-09-29 10:32:39,JSGBKTI,NBP,National Bank of Pakistan,165.19,164.98,-0.21,-0.13%,10.96%,-9.92,"2,585,211",841,"138,810"
2026-09-29 10:32:39,JSGBKTI,HBL,Habib Bank Limited,304.21,302.15,-2.06,-0.68%,13.64%,-66.11,"1,609,693",572,"172,695"
2026-09-29 10:32:39,JSGBKTI,MCB,MCB Bank Limited,390.01,389.00,-1.01,-0.26%,12.65%,-23.36,"505,688",412,"160,214"
2026-09-29 10:32:39,JSGBKTI,MEBL,Meezan Bank Limited,549.23,549.93,0.70,0.13%,14.04%,12.71,"431,821",323,"177,837"
2026-09-29 10:32:39,JSGBKTI,BAFL,Bank Alfalah Limited,56.93,56.38,-0.55,-0.97%,13.12%,-91.02,"371,675","2,947","166,159"
2026-09-29 10:32:39,JSGBKTI,BAHL,Bank AL Habib Limited,151.50,151.99,0.49,0.32%,11.82%,27.09,"311,721",985,"149,637"
2026-09-29 10:32:39,JSGBKTI,UBL,United Bank Limited,424.18,420.09,-4.09,-0.96%,12.37%,-85.68,"269,499",373,"156,724"
2026-09-29 10:32:39,MII30,KEL,K-Electric Limited,6.06,6.09,0.03,0.50%,0.61%,0.66,"34,640,017","2,762","16,818"
2026-09-29 10:32:39,MII30,MLCF,Maple Leaf Cement Factory Limited,93.54,92.75,-0.79,-0.84%,1.59%,-2.97,"4,844,093",471,"43,723"
2026-09-29 10:32:39,MII30,SEARL,The Searle Company Limited,81.16,80.06,-1.10,-1.35%,0.86%,-2.58,"3,768,885",294,"23,546"
2026-09-29 10:32:39,MII30,PPL,Pakistan Petroleum Limited,231.01,227.79,-3.22,-1.39%,5.54%,-17.20,"2,741,328",669,"152,499"
2026-09-29 10:32:39,MII30,FCCLXD,Fauji Cement Company Limited,53.01,52.38,-0.63,-1.19%,1.63%,-4.31,"1,729,019",858,"44,968"
2026-09-29 10:32:39,MII30,PAEL,Pak Elektron Limited,35.74,35.50,-0.24,-0.67%,0.66%,-0.97,"1,466,520",508,"18,034"
2026-09-29 10:32:39,MII30,DGKC,D.G. Khan Cement Company Limited,192.09,192.36,0.27,0.14%,1.53%,0.47,"1,343,840",219,"42,138"
2026-09-29 10:32:39,MII30,HUBC,The Hub Power Company Limited,202.86,202.71,-0.15,-0.07%,7.17%,-1.16,"1,302,780",973,"197,210"
2026-09-29 10:32:39,MII30,SNGP,Sui Northern Gas Pipelines Limited,92.81,91.92,-0.89,-0.96%,0.85%,-1.80,"1,238,987",254,"23,319"
2026-09-29 10:32:39,MII30,PSO,Pakistan State Oil Company Limited,355.24,351.43,-3.81,-1.07%,3.00%,-7.14,"1,233,583",235,"82,494"
2026-09-29 10:32:39,MII30,OGDC,Oil & Gas Development Company Limited,318.69,317.76,-0.93,-0.29%,7.45%,-4.79,"1,225,924",645,"204,999"
2026-09-29 10:32:39,MII30,SYS,Systems Limited,119.16,118.30,-0.86,-0.72%,3.80%,-6.07,"760,334",884,"104,582"
2026-09-29 10:32:39,MII30,FATIMA,Fatima Fertilizer Company Limited,143.35,142.90,-0.45,-0.31%,1.64%,-1.13,"613,458",315,"45,014"
2026-09-29 10:32:39,MII30,ATRL,Attock Refinery Limited,"1,177.12","1,181.71",4.59,0.39%,1.83%,1.56,"513,908",43,"50,396"
2026-09-29 10:32:39,MII30,NML,Nishat Mills Limited,133.09,131.30,-1.79,-1.34%,0.76%,-2.26,"512,126",158,"20,774"
2026-09-29 10:32:39,MII30,ENGROH,Engro Holdings Limited,263.49,262.45,-1.04,-0.39%,9.19%,-7.99,"439,748",963,"252,841"
2026-09-29 10:32:39,MII30,MEBL,Meezan Bank Limited,549.23,549.93,0.70,0.13%,9.00%,2.51,"431,821",450,"247,545"
2026-09-29 10:32:39,MII30,LUCKXD,Lucky Cement Limited,412.57,411.74,-0.83,-0.20%,6.58%,-2.91,"420,709",440,"180,960"
2026-09-29 10:32:39,MII30,FFC,Fauji Fertilizer Company Limited,542.51,539.42,-3.09,-0.57%,15.52%,-19.51,"374,103",791,"426,931"
2026-09-29 10:32:39,MII30,MARI,Mari Energies Limited,635.09,630.30,-4.79,-0.75%,5.50%,-9.18,"335,789",240,"151,350"
2026-09-29 10:32:39,MII30,EFERT,Engro Fertilizers Limited,193.96,193.02,-0.94,-0.48%,4.22%,-4.51,"262,622",601,"115,983"
2026-09-29 10:32:39,MII30,SRVI,Service Industries Limited,179.30,179.00,-0.30,-0.17%,1.53%,-0.56,"241,217",235,"42,054"
2026-09-29 10:32:39,MII30,JVDCXD,Javedan Corporation Limited,138.34,137.87,-0.47,-0.34%,0.95%,-0.71,"208,775",190,"26,255"
2026-09-29 10:32:39,MII30,ILP,Interloop Limited,97.63,97.55,-0.08,-0.08%,0.99%,-0.18,"207,501",280,"27,347"
2026-09-29 10:32:39,MII30,MTL,Millat Tractors Limited,299.07,297.65,-1.42,-0.47%,1.94%,-2.03,"104,063",180,"53,447"
2026-09-29 10:32:39,MII30,FABL,Faysal Bank Limited,93.94,93.72,-0.22,-0.23%,1.55%,-0.80,"86,420",455,"42,672"
2026-09-29 10:32:39,MII30,SAZEWXD,Sazgar Engineering Works Limited,"1,724.89","1,707.63",-17.26,-1.00%,1.31%,-2.91,"49,161",21,"36,127"
2026-09-29 10:32:39,MII30,GLAXO,GlaxoSmithKline Pakistan Limited,316.42,314.58,-1.84,-0.58%,0.73%,-0.93,"39,731",64,"20,037"
2026-09-29 10:32:39,MII30,CHCC,Cherat Cement Company Limited,278.74,277.62,-1.12,-0.40%,1.08%,-0.95,"18,179",107,"29,667"
2026-09-29 10:32:39,MII30,COLGXD,Colgate-Palmolive (Pakistan) Limited,"1,118.15","1,114.65",-3.50,-0.31%,0.98%,-0.68,"2,248",24,"27,061"
